DROP  TABLE OBECNOSCI cascade constraints;
DROP  TABLE RODZICE cascade constraints;
DROP  TABLE KLASA_GRUPA_UCZEN cascade constraints;
DROP  TABLE UCZEN_RODZIC cascade constraints;
DROP  TABLE UCZEN_KLASA cascade constraints;
DROP  TABLE UCZEN_FUNKCJA cascade constraints;
DROP  TABLE STATUS_UCZEN cascade constraints;
DROP  TABLE UCZNIOWIE cascade constraints;
DROP  TABLE ADRES cascade constraints;
DROP  TABLE NAUCZYCIELE cascade constraints;
DROP  TABLE ROK_SZKOLNY cascade constraints;
DROP  TABLE KLASY cascade constraints;
DROP  TABLE PRZEDMIOTY cascade constraints;
DROP  TABLE SALE cascade constraints;
DROP  TABLE NAUCZ_PRZEDM_KLASA cascade constraints;
DROP  TABLE RODZAJ_OCENY cascade constraints;
DROP  TABLE OCENY cascade constraints;
DROP  TABLE oceny_log cascade constraints;
DROP  TABLE LEKCJE cascade constraints;
DROP  TABLE SALA_LEKCJA cascade constraints;
DROP  TABLE GRUPY cascade constraints;
DROP  TABLE SWIADECTWO cascade constraints;
DROP  TABLE ZACHOWANIE cascade constraints;
DROP  TABLE TYP_ZACHOWANIE cascade constraints;
DROP  TABLE FUNKCJA cascade constraints;
DROP  TABLE STATUS cascade constraints;



CREATE TABLE ADRES(
    ID_ADRES            NUMBER(10) NOT NULL CONSTRAINT PK_ID_ADRES PRIMARY KEY,
    MIEJSCOWOSC         VARCHAR2(60),
    ULICA               VARCHAR2(50),
    NR_ULICY_BUDYNEK    VARCHAR2(20),
    KOD_POCZTOWY        VARCHAR2(6)  
);

CREATE TABLE RODZICE (
     ID_RODZIC              NUMBER(10)NOT NULL CONSTRAINT PK_ID_RODZIC PRIMARY KEY,
     IMIE_RODZIC            VARCHAR2(255), 
     NAZWISKO_RODZIC        VARCHAR2(255), 
     LOGIN_RODZIC           VARCHAR2(50),
     HASLO_RODZIC           VARCHAR2(50),
     DATA_URODZENIA_RODZIC  DATE,
     NR_TEL_RODZIC          VARCHAR2(20),
     MAIL_RODZIC            VARCHAR2(60),
     ID_ADRES               NUMBER(10) CONSTRAINT FK_ID_ADRES_R REFERENCES ADRES(ID_ADRES)
     ); 

     
CREATE TABLE UCZNIOWIE (
     ID_UCZEN               NUMBER(10)NOT NULL CONSTRAINT PK_ID_UCZEN PRIMARY KEY,
     IMIE_UCZEN             VARCHAR2(255), 
     NAZWISKO_UCZEN         VARCHAR2(255), 
     PESEL_UCZEN            VARCHAR2(11),
     LOGIN_UCZEN            VARCHAR2(50),
     HASLO_UCZEN            VARCHAR2(50),
     DATA_URODZENIA_UCZEN   DATE,
     ID_ADRES               NUMBER(10) CONSTRAINT FK_ID_ADRES_U REFERENCES ADRES(ID_ADRES)
          ); 


CREATE TABLE NAUCZYCIELE (
     ID_NAUCZYCIEL              NUMBER(10)NOT NULL CONSTRAINT PK_ID_NAUCZYCIEL PRIMARY KEY,
     IMIE_NAUCZYCIEL            VARCHAR2(255), 
     NAZWISKO_NAUCZYCIEL        VARCHAR2(255), 
     STOPIEN_NAUKOWY            VARCHAR2(20),
     LOGIN_NAUCZYCIEL           VARCHAR2(50),
     HASLO_NAUCZYCIEL           VARCHAR2(50),
     DATA_URODZENIA_NAUCZYCIEL  DATE,
     NR_TEL_NAUCZYCIEL          VARCHAR2(20),
     MAIL_NAUCZYCIEL            VARCHAR2(60)
     );  

    
CREATE TABLE ROK_SZKOLNY(
    ID_ROK_SZKOLNY              NUMBER(10) NOT NULL CONSTRAINT PK_ID_ROK_SZKOLNY PRIMARY KEY,
    NAZWA_ROK_SZKOLNY           VARCHAR2(10),
    NUMER_SEMESTRU              NUMBER(10)
);       

CREATE TABLE KLASY(
    ID_KLASA                    NUMBER(10) NOT NULL CONSTRAINT PK_ID_KLASA PRIMARY KEY,
    NAZWA_KLASA                 VARCHAR2(20),
    WYCHOWAWCA_KLASA            NUMBER(10) CONSTRAINT FK_ID_NAUCZYCIEL_K REFERENCES NAUCZYCIELE(ID_NAUCZYCIEL),
    ROK_SZKOLNY                 NUMBER(10) CONSTRAINT FK_ID_ROK_SZKOLNY_K REFERENCES ROK_SZKOLNY(ID_ROK_SZKOLNY)
);


CREATE TABLE PRZEDMIOTY(
    ID_PRZEDMIOT                NUMBER(10) NOT NULL CONSTRAINT PK_ID_PRZEDMIOT PRIMARY KEY,
    NAZWA_PRZEDMIOT             VARCHAR2(60)
); 

CREATE TABLE SALE (
    ID_SALA                     NUMBER(10) NOT NULL CONSTRAINT PK_ID_SALA PRIMARY KEY,
    NAZWA_SALA                  VARCHAR2(60),
    NR_SALA                     VARCHAR2(10),
    POJEMNOSC_SALA              NUMBER(10),
    PIETRO_SALA                 NUMBER(10),
    SALA_KOMPUTEROWA            VARCHAR2(3),
    STANOWISKA_KOMPUTEROWE      NUMBER(10),
    OPIEKUN_SALI                NUMBER(10) CONSTRAINT FK_ID_NAUCZYCIEL_S REFERENCES NAUCZYCIELE(ID_NAUCZYCIEL)
);

CREATE TABLE UCZEN_KLASA (
    ID_UCZEN_KLASA              NUMBER(10) NOT NULL CONSTRAINT PK_ID_UCZEN_KLASA PRIMARY KEY,
    ID_UCZEN                    NUMBER(10) CONSTRAINT FK_ID_UCZEN_UK REFERENCES UCZNIOWIE(ID_UCZEN),
    ID_KLASA                    NUMBER(10) CONSTRAINT FK_ID_KLASA_UK REFERENCES KLASY(ID_KLASA)   
);

CREATE TABLE UCZEN_RODZIC (
    ID_UCZEN_RODZIC             NUMBER(10) NOT NULL CONSTRAINT PK_ID_UCZEN_RODZIC PRIMARY KEY,
    ID_UCZEN                    NUMBER(10) CONSTRAINT FK_ID_UCZEN_UR REFERENCES UCZNIOWIE(ID_UCZEN),
    ID_RODZIC                   NUMBER(10) CONSTRAINT FK_ID_RODZIC_UR REFERENCES RODZICE(ID_RODZIC)   
);

CREATE TABLE RODZAJ_OCENY(
    ID_RODZAJ_OCENY             NUMBER(10) NOT NULL CONSTRAINT PK_ID_RODZAJ_OCENY PRIMARY KEY,
    TYP_RODZAJ_OCENY            VARCHAR2(60),
    WAGA_RODZAJ_OCENY           FLOAT(10),
    POPRAWA                     VARCHAR2(3)
); 

CREATE TABLE GRUPY(
    ID_GRUPA                    NUMBER(10) NOT NULL CONSTRAINT PK_ID_GRUPA PRIMARY KEY,
    NAZWA_GRUPA                 VARCHAR2(30)
);

CREATE TABLE OCENY(
    ID_OCENA                    NUMBER(10) NOT NULL CONSTRAINT PK_ID_OCENA PRIMARY KEY,
    ID_PRZEDMIOT                NUMBER(10) CONSTRAINT FK_ID_PRZEDMIOT_OCENY REFERENCES PRZEDMIOTY(ID_PRZEDMIOT),
    ID_RODZAJ_OCENY             NUMBER(10) CONSTRAINT FK_ID_RODZAJ_OCENY REFERENCES RODZAJ_OCENY(ID_RODZAJ_OCENY),
    wartosc_oceny               float(10),
    ID_NAUCZYCIEL               NUMBER(10) CONSTRAINT FK_ID_NAUCZYCIEL_OCENY REFERENCES NAUCZYCIELE(ID_NAUCZYCIEL),
    ID_UCZEN                    NUMBER(10) CONSTRAINT FK_ID_UCZEN_OCENY REFERENCES UCZNIOWIE(ID_UCZEN),
    WYMAGANA                    VARCHAR2(3),
    DATA_OCENY                  DATE,
    DATA_WPISANIA               DATE,
    DATA_MODYFIKACJI            TIMESTAMP
); 

CREATE TABLE OCENY_log(
   ID_OCENA                    NUMBER(10) NOT NULL CONSTRAINT PK_ID_OCENA_log PRIMARY KEY,
   ID_PRZEDMIOT                NUMBER(10) CONSTRAINT FK_ID_PRZEDMIOT_OCENY_log REFERENCES PRZEDMIOTY(ID_PRZEDMIOT),
   ID_RODZAJ_OCENY             NUMBER(10) CONSTRAINT FK_ID_RODZAJ_OCENY_log REFERENCES RODZAJ_OCENY(ID_RODZAJ_OCENY),
   wartosc_oceny               float(10),
   ID_NAUCZYCIEL               NUMBER(10) CONSTRAINT FK_ID_NAUCZYCIEL_OCENY_log REFERENCES NAUCZYCIELE(ID_NAUCZYCIEL),
   ID_UCZEN                    NUMBER(10) CONSTRAINT FK_ID_UCZEN_OCENY_log REFERENCES UCZNIOWIE(ID_UCZEN),
   WYMAGANA                    VARCHAR2(3),
   DATA_OCENY                  DATE,
   DATA_WPISANIA               DATE,
   DATA_MODYFIKACJI            TIMESTAMP,
   log_operation               VARCHAR2(20)
);

CREATE TABLE NAUCZ_PRZEDM_KLASA (
    ID_NAUCZ_PRZEDM_KLASA       NUMBER(10) NOT NULL CONSTRAINT PK_ID_NAUCZ_PRZEDM_KLASA PRIMARY KEY,
    ID_NAUCZYCIEL               NUMBER(10) CONSTRAINT FK_ID_NAUCZYCIEL_NPK REFERENCES NAUCZYCIELE(ID_NAUCZYCIEL),
    ID_PRZEDMIOT                NUMBER(10) CONSTRAINT FK_ID_PRZEDMIOT_NPK REFERENCES PRZEDMIOTY(ID_PRZEDMIOT), 
    ID_KLASA                    NUMBER(10) CONSTRAINT FK_ID_KLASA_NPK REFERENCES KLASY(ID_KLASA)  
);

CREATE TABLE LEKCJE(
    ID_LEKCJA                   NUMBER(10) NOT NULL CONSTRAINT PK_ID_LEKCJA PRIMARY KEY,
    TEMAT_LEKCJA                VARCHAR2(100),
    DZIEN_TYGODNIA              VARCHAR2(20),
    GODZINA_LEKCJA              VARCHAR(15),
    CZAS_TRWANIA                VARCHAR2(30),
    ID_NAUCZ_PRZEDM_KLASA       NUMBER(10) CONSTRAINT FK_ID_NAUCZ_PRZEDM_KLASA REFERENCES NAUCZ_PRZEDM_KLASA(ID_NAUCZ_PRZEDM_KLASA)
);

CREATE TABLE SALA_LEKCJA(
    ID_SALA_LEKCJA              NUMBER(10) NOT NULL CONSTRAINT PK_ID_SALA_LEKCJA PRIMARY KEY,
    ID_LEKCJA                   NUMBER(10) CONSTRAINT FK_ID_LEKCJA_SL REFERENCES LEKCJE(ID_LEKCJA),
    ID_SALA                     NUMBER(10) CONSTRAINT FK_ID_SALA_SL REFERENCES SALE(ID_SALA)
);

CREATE TABLE KLASA_GRUPA_UCZEN(
    ID_KLASA_GRUPA_UCZEN        NUMBER(10)  NOT NULL CONSTRAINT PK_ID_KLASA_GRUPA_UCZEN PRIMARY KEY,
    ID_UCZEN_KLASA              NUMBER(10) CONSTRAINT FK_ID_UCZEN_KLASA_KGU REFERENCES UCZEN_KLASA(ID_UCZEN_KLASA),
    ID_GRUPA                    NUMBER(10) CONSTRAINT FK_ID_GRUPA_KGU REFERENCES GRUPY(ID_GRUPA)
    --ID_UCZEN                    NUMBER(10) CONSTRAINT FK_ID_UCZEN_KGU REFERENCES UCZNIOWIE(ID_UCZEN)
);
CREATE TABLE OBECNOSCI(
    ID_KLASA_OBECNOSC               NUMBER(10) NOT NULL CONSTRAINT PK_ID_OBECNOSC PRIMARY KEY,
    OBECNOSC                        VARCHAR2(10),
    DATA_ZAJEC                      DATE,
    DATA_MODYFIKACJI                DATE,
    NIEOBECNOSC_USPRAWIEDLIWIONA    VARCHAR2(3),
    ID_UCZEN                        NUMBER(10) CONSTRAINT FK_ID_UCZEN_O REFERENCES UCZNIOWIE(ID_UCZEN),
    ID_LEKCJA                       NUMBER(10) CONSTRAINT FK_ID_LEKCJA_O REFERENCES LEKCJE(ID_LEKCJA)
);

CREATE TABLE STATUS(
    ID_STATUS           NUMBER(10) NOT NULL CONSTRAINT PK_ID_STATUS PRIMARY KEY,
    NAZWA_STATUS        VARCHAR2(30)
);

CREATE TABLE STATUS_UCZEN(
    ID_STATUS_UCZEN         NUMBER(10)  NOT NULL CONSTRAINT PK_ID_STATUS_UCZEN PRIMARY KEY,
    ID_UCZEN                NUMBER(10) CONSTRAINT FK_ID_UCZEN_SU REFERENCES UCZNIOWIE(ID_UCZEN),
    ID_STATUS               NUMBER(10) CONSTRAINT FK_ID_STATUS_SU REFERENCES STATUS(ID_STATUS),
    DODATKOWE_INFO          VARCHAR2(100),
    DATA_MODYFIKACJI        TIMESTAMP
);

CREATE TABLE TYP_ZACHOWANIE(
    ID_TYP_ZACHOWANIE       NUMBER(10)  NOT NULL CONSTRAINT PK_ID_TYP_ZACHOWANIE PRIMARY KEY,
    NAZWA_TYPU_ZACHOWANIE   VARCHAR2(100)  
);

CREATE TABLE ZACHOWANIE(
    ID_ZACHOWANIE           NUMBER(10)  NOT NULL CONSTRAINT PK_ID_ZACHOWANIE PRIMARY KEY,
    ID_TYP_ZACHOWANIE       NUMBER(10) CONSTRAINT FK_ID_TYP_ZACHOWANIE_Z REFERENCES TYP_ZACHOWANIE(ID_TYP_ZACHOWANIE),
    TRESC_WPISU             VARCHAR2(255),
    ID_UCZEN_KLASA          NUMBER(10) CONSTRAINT FK_ID_UCZEN_KLASA_Z REFERENCES UCZEN_KLASA(ID_UCZEN_KLASA),
    ID_NAUCZYCIEL           NUMBER(10) CONSTRAINT FK_ID_NAUCZYCIEL_OCENY_Z REFERENCES NAUCZYCIELE(ID_NAUCZYCIEL)
);

CREATE TABLE SWIADECTWO(
    ID_SWIADECTWO           NUMBER(10)  NOT NULL CONSTRAINT PK_ID_SWIADECTWO PRIMARY KEY,
    ZDAL                    VARCHAR2(3),
    CZERWONY_PASEK          VARCHAR2(3),
    SREDNIA                 FLOAT(10),
    STATUS_UCZNIA           VARCHAR2(60),
    ID_UCZEN_KLASA          NUMBER(10) CONSTRAINT FK_ID_UCZEN_KLASA_S REFERENCES UCZEN_KLASA(ID_UCZEN_KLASA),
    ID_ROK_SZKOLNY          NUMBER(10) CONSTRAINT FK_ID_ROK_SZKOLNY_S REFERENCES ROK_SZKOLNY(ID_ROK_SZKOLNY)
);

CREATE TABLE FUNKCJA(
    ID_FUNKCJA              NUMBER(20)NOT NULL CONSTRAINT PK_ID_FUNKCJA PRIMARY KEY,
    NAZWA_FUNKCJA           VARCHAR(60)
);

CREATE TABLE UCZEN_FUNKCJA(
    ID_UCZEN_FUNKCJA        NUMBER(10) NOT NULL CONSTRAINT PK_ID_UCZEN_FUNKCJA PRIMARY KEY,
    ID_UCZEN                NUMBER(10) CONSTRAINT FK_UCZEN_UF REFERENCES UCZNIOWIE(ID_UCZEN), 
    ID_FUNKCJA              NUMBER(10) CONSTRAINT FK_FUNKCJA_UF REFERENCES FUNKCJA(ID_FUNKCJA)
);


--adresy dzieci i rodziców
INSERT INTO ADRES (ID_ADRES, MIEJSCOWOSC, ULICA, NR_ULICY_BUDYNEK, KOD_POCZTOWY) VALUES (1, 'Kraków', 'Krupnicza', '1', '31-123');
INSERT INTO ADRES (ID_ADRES, MIEJSCOWOSC, ULICA, NR_ULICY_BUDYNEK, KOD_POCZTOWY) VALUES (2, 'Kraków', 'Grodzka', '5', '31-124');
INSERT INTO ADRES (ID_ADRES, MIEJSCOWOSC, ULICA, NR_ULICY_BUDYNEK, KOD_POCZTOWY) VALUES (3, 'Kraków', 'Rynek Główny', '1', '31-125');
INSERT INTO ADRES (ID_ADRES, MIEJSCOWOSC, ULICA, NR_ULICY_BUDYNEK, KOD_POCZTOWY) VALUES (4, 'Kraków', 'Mariacka', '3', '31-126');
INSERT INTO ADRES (ID_ADRES, MIEJSCOWOSC, ULICA, NR_ULICY_BUDYNEK, KOD_POCZTOWY) VALUES (5, 'Kraków', 'Krowoderska', '1', '31-127');
INSERT INTO ADRES (ID_ADRES, MIEJSCOWOSC, ULICA, NR_ULICY_BUDYNEK, KOD_POCZTOWY) VALUES (6, 'Kraków', 'Sławkowska', '5', '31-128');
INSERT INTO ADRES (ID_ADRES, MIEJSCOWOSC, ULICA, NR_ULICY_BUDYNEK, KOD_POCZTOWY) VALUES (7, 'Kraków', 'Starowiślna', '1', '31-129');
INSERT INTO ADRES (ID_ADRES, MIEJSCOWOSC, ULICA, NR_ULICY_BUDYNEK, KOD_POCZTOWY) VALUES (8, 'Kraków', 'Wielicka', '3', '31-130');
INSERT INTO ADRES (ID_ADRES, MIEJSCOWOSC, ULICA, NR_ULICY_BUDYNEK, KOD_POCZTOWY) VALUES (9, 'Kraków', 'Karmelicka', '1', '31-131');
INSERT INTO ADRES (ID_ADRES, MIEJSCOWOSC, ULICA, NR_ULICY_BUDYNEK, KOD_POCZTOWY) VALUES (10, 'Kraków', 'Krakowska', '5', '31-132');
INSERT INTO ADRES (ID_ADRES, MIEJSCOWOSC, ULICA, NR_ULICY_BUDYNEK, KOD_POCZTOWY) VALUES (11, 'Kraków', 'Słonczena', '12', '31-123');
INSERT INTO ADRES (ID_ADRES, MIEJSCOWOSC, ULICA, NR_ULICY_BUDYNEK, KOD_POCZTOWY) VALUES (12, 'Kraków', 'Orawska', '2', '31-124');
INSERT INTO ADRES (ID_ADRES, MIEJSCOWOSC, ULICA, NR_ULICY_BUDYNEK, KOD_POCZTOWY) VALUES (13, 'Kraków', 'Marii Konopnickiej', '3', '31-125');
INSERT INTO ADRES (ID_ADRES, MIEJSCOWOSC, ULICA, NR_ULICY_BUDYNEK, KOD_POCZTOWY) VALUES (14, 'Kraków', 'Krakowska', '4', '31-126');
INSERT INTO ADRES (ID_ADRES, MIEJSCOWOSC, ULICA, NR_ULICY_BUDYNEK, KOD_POCZTOWY) VALUES (15, 'Kraków', 'Wrocławska', '5', '31-127');
INSERT INTO ADRES (ID_ADRES, MIEJSCOWOSC, ULICA, NR_ULICY_BUDYNEK, KOD_POCZTOWY) VALUES (16, 'Kraków', 'Królewska', '6', '31-128');
INSERT INTO ADRES (ID_ADRES, MIEJSCOWOSC, ULICA, NR_ULICY_BUDYNEK, KOD_POCZTOWY) VALUES (17, 'Kraków', 'Lwowska', '7', '31-129');
INSERT INTO ADRES (ID_ADRES, MIEJSCOWOSC, ULICA, NR_ULICY_BUDYNEK, KOD_POCZTOWY) VALUES (18, 'Kraków', 'Kazimierza Wielkiego', '8', '31-130');
INSERT INTO ADRES (ID_ADRES, MIEJSCOWOSC, ULICA, NR_ULICY_BUDYNEK, KOD_POCZTOWY) VALUES (19, 'Kraków', 'Jana Pawła II', '9', '31-131');
INSERT INTO ADRES (ID_ADRES, MIEJSCOWOSC, ULICA, NR_ULICY_BUDYNEK, KOD_POCZTOWY) VALUES (20, 'Kraków', 'Kozłowskiego', '10', '31-132');
INSERT INTO ADRES (ID_ADRES, MIEJSCOWOSC, ULICA, NR_ULICY_BUDYNEK, KOD_POCZTOWY) VALUES (21, 'Rączna', '3 Maja', '1', '31-200');
INSERT INTO ADRES (ID_ADRES, MIEJSCOWOSC, ULICA, NR_ULICY_BUDYNEK, KOD_POCZTOWY) VALUES (22, 'Zielonki', 'Grunwaldzka', '2', '31-201');
INSERT INTO ADRES (ID_ADRES, MIEJSCOWOSC, ULICA, NR_ULICY_BUDYNEK, KOD_POCZTOWY) VALUES (23, 'Wieliczka', 'Andersa', '3', '31-202');
INSERT INTO ADRES (ID_ADRES, MIEJSCOWOSC, ULICA, NR_ULICY_BUDYNEK, KOD_POCZTOWY) VALUES (24, 'Skawina', 'Bagienna', '4', '31-203');
INSERT INTO ADRES (ID_ADRES, MIEJSCOWOSC, ULICA, NR_ULICY_BUDYNEK, KOD_POCZTOWY) VALUES (25, 'Bochnia', 'Bema', '5', '31-204');
INSERT INTO ADRES (ID_ADRES, MIEJSCOWOSC, ULICA, NR_ULICY_BUDYNEK, KOD_POCZTOWY) VALUES (26, 'Myślenice', 'Chlebowa', '6', '31-205');
INSERT INTO ADRES (ID_ADRES, MIEJSCOWOSC, ULICA, NR_ULICY_BUDYNEK, KOD_POCZTOWY) VALUES (27, 'Piekary', 'Dolna', '7', '31-206');
INSERT INTO ADRES (ID_ADRES, MIEJSCOWOSC, ULICA, NR_ULICY_BUDYNEK, KOD_POCZTOWY) VALUES (28, 'Liszki', 'Chmielna', '8', '31-207');
INSERT INTO ADRES (ID_ADRES, MIEJSCOWOSC, ULICA, NR_ULICY_BUDYNEK, KOD_POCZTOWY) VALUES (29, 'Zabierzów', 'Duchacka', '9', '31-208');
INSERT INTO ADRES (ID_ADRES, MIEJSCOWOSC, ULICA, NR_ULICY_BUDYNEK, KOD_POCZTOWY) VALUES (30, 'Węgrzce', 'Cisowa', '10', '31-209');
INSERT INTO ADRES (ID_ADRES, MIEJSCOWOSC, ULICA, NR_ULICY_BUDYNEK, KOD_POCZTOWY) VALUES (31, 'Kraków', 'Aleja Krasińskiego', '1', '31-300');
INSERT INTO ADRES (ID_ADRES, MIEJSCOWOSC, ULICA, NR_ULICY_BUDYNEK, KOD_POCZTOWY) VALUES (32, 'Kraków', 'Piłsudskiego', '2', '31-301');
INSERT INTO ADRES (ID_ADRES, MIEJSCOWOSC, ULICA, NR_ULICY_BUDYNEK, KOD_POCZTOWY) VALUES (33, 'Kraków', 'Stawowa', '3', '31-302');
INSERT INTO ADRES (ID_ADRES, MIEJSCOWOSC, ULICA, NR_ULICY_BUDYNEK, KOD_POCZTOWY) VALUES (34, 'Kraków', 'Lubicz', '4', '31-303');
INSERT INTO ADRES (ID_ADRES, MIEJSCOWOSC, ULICA, NR_ULICY_BUDYNEK, KOD_POCZTOWY) VALUES (35, 'Kraków', 'Przy Rondzie', '5', '31-304');
INSERT INTO ADRES (ID_ADRES, MIEJSCOWOSC, ULICA, NR_ULICY_BUDYNEK, KOD_POCZTOWY) VALUES (36, 'Kraków', 'Wita Stwosza', '6', '31-305');
INSERT INTO ADRES (ID_ADRES, MIEJSCOWOSC, ULICA, NR_ULICY_BUDYNEK, KOD_POCZTOWY) VALUES (37, 'Kraków', 'Karmelickiej', '7', '31-306');
INSERT INTO ADRES (ID_ADRES, MIEJSCOWOSC, ULICA, NR_ULICY_BUDYNEK, KOD_POCZTOWY) VALUES (38, 'Kraków', 'Czarnowiejska', '8', '31-307');
INSERT INTO ADRES (ID_ADRES, MIEJSCOWOSC, ULICA, NR_ULICY_BUDYNEK, KOD_POCZTOWY) VALUES (39, 'Kraków', 'Floriańska', '9', '31-308');
INSERT INTO ADRES (ID_ADRES, MIEJSCOWOSC, ULICA, NR_ULICY_BUDYNEK, KOD_POCZTOWY) VALUES (40, 'Kraków', 'Dietla', '10', '31-309');
INSERT INTO ADRES (ID_ADRES, MIEJSCOWOSC, ULICA, NR_ULICY_BUDYNEK, KOD_POCZTOWY) VALUES (41, 'Kraków', 'Planty', '1', '31-400');
INSERT INTO ADRES (ID_ADRES, MIEJSCOWOSC, ULICA, NR_ULICY_BUDYNEK, KOD_POCZTOWY) VALUES (42, 'Kraków', 'Filipowicza', '2', '31-401');
INSERT INTO ADRES (ID_ADRES, MIEJSCOWOSC, ULICA, NR_ULICY_BUDYNEK, KOD_POCZTOWY) VALUES (43, 'Kraków', 'Gazowa', '3', '31-402');
INSERT INTO ADRES (ID_ADRES, MIEJSCOWOSC, ULICA, NR_ULICY_BUDYNEK, KOD_POCZTOWY) VALUES (44, 'Kraków', 'Stare Miasto', '4', '31-403');
INSERT INTO ADRES (ID_ADRES, MIEJSCOWOSC, ULICA, NR_ULICY_BUDYNEK, KOD_POCZTOWY) VALUES (45, 'Kraków', 'Grottgera', '5', '31-404');
INSERT INTO ADRES (ID_ADRES, MIEJSCOWOSC, ULICA, NR_ULICY_BUDYNEK, KOD_POCZTOWY) VALUES (46, 'Kraków', 'Rakowicka', '6', '31-405');
INSERT INTO ADRES (ID_ADRES, MIEJSCOWOSC, ULICA, NR_ULICY_BUDYNEK, KOD_POCZTOWY) VALUES (47, 'Kraków', 'Stradomska', '7', '31-406');
INSERT INTO ADRES (ID_ADRES, MIEJSCOWOSC, ULICA, NR_ULICY_BUDYNEK, KOD_POCZTOWY) VALUES (48, 'Kraków', 'Słowackiego', '8', '31-407');
INSERT INTO ADRES (ID_ADRES, MIEJSCOWOSC, ULICA, NR_ULICY_BUDYNEK, KOD_POCZTOWY) VALUES (49, 'Kraków', 'Halszki', '9', '31-408');
INSERT INTO ADRES (ID_ADRES, MIEJSCOWOSC, ULICA, NR_ULICY_BUDYNEK, KOD_POCZTOWY) VALUES (50, 'Kraków', 'Kościuszki', '10', '31-409');
INSERT INTO ADRES (ID_ADRES, MIEJSCOWOSC, ULICA, NR_ULICY_BUDYNEK, KOD_POCZTOWY) VALUES (51, 'Libertów', 'Hofmana', '1', '32-200');
INSERT INTO ADRES (ID_ADRES, MIEJSCOWOSC, ULICA, NR_ULICY_BUDYNEK, KOD_POCZTOWY) VALUES (52, 'Gaj', 'Inwalidów', '2', '32-201');
INSERT INTO ADRES (ID_ADRES, MIEJSCOWOSC, ULICA, NR_ULICY_BUDYNEK, KOD_POCZTOWY) VALUES (53, 'Mogilany', 'Jaglana', '3', '32-202');
INSERT INTO ADRES (ID_ADRES, MIEJSCOWOSC, ULICA, NR_ULICY_BUDYNEK, KOD_POCZTOWY) VALUES (54, 'Kokotów', 'Kajzera', '4', '32-203');
INSERT INTO ADRES (ID_ADRES, MIEJSCOWOSC, ULICA, NR_ULICY_BUDYNEK, KOD_POCZTOWY) VALUES (55, 'Kryspinów', 'Letnia', '5', '32-204');
INSERT INTO ADRES (ID_ADRES, MIEJSCOWOSC, ULICA, NR_ULICY_BUDYNEK, KOD_POCZTOWY) VALUES (56, 'Modlnica', 'Majora', '6', '32-205');
INSERT INTO ADRES (ID_ADRES, MIEJSCOWOSC, ULICA, NR_ULICY_BUDYNEK, KOD_POCZTOWY) VALUES (57, 'Balice', 'Kalwaryjska', '7', '32-206');
INSERT INTO ADRES (ID_ADRES, MIEJSCOWOSC, ULICA, NR_ULICY_BUDYNEK, KOD_POCZTOWY) VALUES (58, 'Wieliczka', 'Długa', '87', '31-202');
INSERT INTO ADRES (ID_ADRES, MIEJSCOWOSC, ULICA, NR_ULICY_BUDYNEK, KOD_POCZTOWY) VALUES (59, 'Skawina', 'Leśna', '12', '31-203');
INSERT INTO ADRES (ID_ADRES, MIEJSCOWOSC, ULICA, NR_ULICY_BUDYNEK, KOD_POCZTOWY) VALUES (60, 'Wieliczka', 'Mickiewicza', '10', '31-202');
INSERT INTO ADRES (ID_ADRES, MIEJSCOWOSC, ULICA, NR_ULICY_BUDYNEK, KOD_POCZTOWY) VALUES (61, 'Kraków', 'Floriańska', '15', '31-308');
INSERT INTO ADRES (ID_ADRES, MIEJSCOWOSC, ULICA, NR_ULICY_BUDYNEK, KOD_POCZTOWY) VALUES (62, 'Kraków', 'Igołomska', '19', '31-983');
INSERT INTO ADRES (ID_ADRES, MIEJSCOWOSC, ULICA, NR_ULICY_BUDYNEK, KOD_POCZTOWY) VALUES (63, 'Kraków', 'Pokoju', '29', '31-306');
INSERT INTO ADRES (ID_ADRES, MIEJSCOWOSC, ULICA, NR_ULICY_BUDYNEK, KOD_POCZTOWY) VALUES (64, 'Kraków', 'Pustelnika', '3', '31-309');
INSERT INTO ADRES (ID_ADRES, MIEJSCOWOSC, ULICA, NR_ULICY_BUDYNEK, KOD_POCZTOWY) VALUES (65, 'Kraków', 'Pustelnika', '21', '31-309');

 

--rodzice
INSERT INTO RODZICE (ID_RODZIC, IMIE_RODZIC, NAZWISKO_RODZIC, LOGIN_RODZIC, HASLO_RODZIC, DATA_URODZENIA_RODZIC, NR_TEL_RODZIC, MAIL_RODZIC, ID_ADRES) VALUES (1, 'Jan', 'Kowalski', 'jkowalski', 'haslo101', '1960-01-01', '555 555 555', 'jkowalski@gmail.com', 1);
INSERT INTO RODZICE (ID_RODZIC, IMIE_RODZIC, NAZWISKO_RODZIC, LOGIN_RODZIC, HASLO_RODZIC, DATA_URODZENIA_RODZIC, NR_TEL_RODZIC, MAIL_RODZIC, ID_ADRES) VALUES (2, 'Anna', 'Nowak', 'anowak', 'haslo102', '1960-02-15', '555 555 556', 'anowak@gmail.com', 2);
INSERT INTO RODZICE (ID_RODZIC, IMIE_RODZIC, NAZWISKO_RODZIC, LOGIN_RODZIC, HASLO_RODZIC, DATA_URODZENIA_RODZIC, NR_TEL_RODZIC, MAIL_RODZIC, ID_ADRES) VALUES (3, 'Piotr', 'Wiśniewski', 'pwisniewski', 'haslo103', '1960-03-30', '555 555 557', 'pwisniewski@gmail.com', 3);
INSERT INTO RODZICE (ID_RODZIC, IMIE_RODZIC, NAZWISKO_RODZIC, LOGIN_RODZIC, HASLO_RODZIC, DATA_URODZENIA_RODZIC, NR_TEL_RODZIC, MAIL_RODZIC, ID_ADRES) VALUES (4, 'Katarzyna', 'Kowalska', 'kkowalska', 'haslo104', '1960-05-20', '555 555 558', 'kkowalska@gmail.com', 4);
INSERT INTO RODZICE (ID_RODZIC, IMIE_RODZIC, NAZWISKO_RODZIC, LOGIN_RODZIC, HASLO_RODZIC, DATA_URODZENIA_RODZIC, NR_TEL_RODZIC, MAIL_RODZIC, ID_ADRES) VALUES (5, 'Adam', 'Malinowski', 'amalinowski', 'haslo105', '1960-06-10', '555 555 559', 'amalinowski@gmail.com', 5);
INSERT INTO RODZICE (ID_RODZIC, IMIE_RODZIC, NAZWISKO_RODZIC, LOGIN_RODZIC, HASLO_RODZIC, DATA_URODZENIA_RODZIC, NR_TEL_RODZIC, MAIL_RODZIC, ID_ADRES) VALUES (6, 'Ewa', 'Adamczyk', 'eadamczyk', 'haslo106', '1961-07-25', '555 555 560', 'eadamczyk@o2.pl', 6);
INSERT INTO RODZICE (ID_RODZIC, IMIE_RODZIC, NAZWISKO_RODZIC, LOGIN_RODZIC, HASLO_RODZIC, DATA_URODZENIA_RODZIC, NR_TEL_RODZIC, MAIL_RODZIC, ID_ADRES) VALUES (7, 'Tomasz', 'Wojciechowski', 'twojciechowski', 'haslo107', '1961-08-15', '555 555 561', 'twojciechowski@gmail.com', 7);
INSERT INTO RODZICE (ID_RODZIC, IMIE_RODZIC, NAZWISKO_RODZIC, LOGIN_RODZIC, HASLO_RODZIC, DATA_URODZENIA_RODZIC, NR_TEL_RODZIC, MAIL_RODZIC, ID_ADRES) VALUES (8, 'Barbara', 'Kozłowska', 'bkozlowska', 'haslo108', '1961-09-05', '555 555 562', 'bkozlowska@interia.pl', 8);
INSERT INTO RODZICE (ID_RODZIC, IMIE_RODZIC, NAZWISKO_RODZIC, LOGIN_RODZIC, HASLO_RODZIC, DATA_URODZENIA_RODZIC, NR_TEL_RODZIC, MAIL_RODZIC, ID_ADRES) VALUES (9, 'Mariusz', 'Jankowski', 'mjankowski', 'haslo109', '1961-10-01', '555 555 563', 'mjankowski@gmail.com', 9);
INSERT INTO RODZICE (ID_RODZIC, IMIE_RODZIC, NAZWISKO_RODZIC, LOGIN_RODZIC, HASLO_RODZIC, DATA_URODZENIA_RODZIC, NR_TEL_RODZIC, MAIL_RODZIC, ID_ADRES) VALUES (10, 'Marta', 'Wróbel', 'mwrobel', 'haslo110', '1961-11-11', '555 555 564', 'mwrobel@onet.pl', 10);
INSERT INTO RODZICE (ID_RODZIC, IMIE_RODZIC, NAZWISKO_RODZIC, LOGIN_RODZIC, HASLO_RODZIC, DATA_URODZENIA_RODZIC, NR_TEL_RODZIC, MAIL_RODZIC, ID_ADRES) VALUES (11, 'Andrzej', 'Kracik', 'akracik', 'haslo111', '1962-02-01', '987654321', 'akracik@gmail.com', 11);
INSERT INTO RODZICE (ID_RODZIC, IMIE_RODZIC, NAZWISKO_RODZIC, LOGIN_RODZIC, HASLO_RODZIC, DATA_URODZENIA_RODZIC, NR_TEL_RODZIC, MAIL_RODZIC, ID_ADRES) VALUES (12, 'Magdalena', 'Wójcik', 'magdalenawojcik', 'haslo112', '1962-03-24', '102938475', 'magdalenawojcik@gmail.com', 12);
INSERT INTO RODZICE (ID_RODZIC, IMIE_RODZIC, NAZWISKO_RODZIC, LOGIN_RODZIC, HASLO_RODZIC, DATA_URODZENIA_RODZIC, NR_TEL_RODZIC, MAIL_RODZIC, ID_ADRES) VALUES (13, 'Eliza', 'Skoczyk', 'eskoczyk', 'haslo113', '1962-03-25', '109826793', 'eskoczyk@gmail.com', 13);
INSERT INTO RODZICE (ID_RODZIC, IMIE_RODZIC, NAZWISKO_RODZIC, LOGIN_RODZIC, HASLO_RODZIC, DATA_URODZENIA_RODZIC, NR_TEL_RODZIC, MAIL_RODZIC, ID_ADRES) VALUES (14, 'Łukasz', 'Dziedzic', 'ldziedzic', 'haslo114', '1962-02-07', '109629406', 'ldziedzic@gmail.com', 14);
INSERT INTO RODZICE (ID_RODZIC, IMIE_RODZIC, NAZWISKO_RODZIC, LOGIN_RODZIC, HASLO_RODZIC, DATA_URODZENIA_RODZIC, NR_TEL_RODZIC, MAIL_RODZIC, ID_ADRES) VALUES (15, 'Ewa', 'Dudek', 'edudek', 'haslo115', '1962-05-01', '010293847', 'edudek@gmail.com', 15);
INSERT INTO RODZICE (ID_RODZIC, IMIE_RODZIC, NAZWISKO_RODZIC, LOGIN_RODZIC, HASLO_RODZIC, DATA_URODZENIA_RODZIC, NR_TEL_RODZIC, MAIL_RODZIC, ID_ADRES) VALUES (16, 'Adam', 'Nowakowski', 'anowakowski', 'haslo116', '1963-03-01', '142356281', 'anowakowski@gmail.com', 16);
INSERT INTO RODZICE (ID_RODZIC, IMIE_RODZIC, NAZWISKO_RODZIC, LOGIN_RODZIC, HASLO_RODZIC, DATA_URODZENIA_RODZIC, NR_TEL_RODZIC, MAIL_RODZIC, ID_ADRES) VALUES (17, 'Michał', 'Krasnal', 'mkrasnal', 'haslo117', '1963-03-01', '092387467', 'mkrasnal@interia.pl', 17);
INSERT INTO RODZICE (ID_RODZIC, IMIE_RODZIC, NAZWISKO_RODZIC, LOGIN_RODZIC, HASLO_RODZIC, DATA_URODZENIA_RODZIC, NR_TEL_RODZIC, MAIL_RODZIC, ID_ADRES) VALUES (18, 'Zbigniew', 'Tomala', 'ztomala', 'haslo118', '1963-04-01', '123278792', 'ztomala@gmail.com', 18);
INSERT INTO RODZICE (ID_RODZIC, IMIE_RODZIC, NAZWISKO_RODZIC, LOGIN_RODZIC, HASLO_RODZIC, DATA_URODZENIA_RODZIC, NR_TEL_RODZIC, MAIL_RODZIC, ID_ADRES) VALUES (19, 'Piotr', 'Rafacz', 'prafacz', 'haslo119', '1963-03-01', '098091254', 'prafacz@o2.pl', 19);
INSERT INTO RODZICE (ID_RODZIC, IMIE_RODZIC, NAZWISKO_RODZIC, LOGIN_RODZIC, HASLO_RODZIC, DATA_URODZENIA_RODZIC, NR_TEL_RODZIC, MAIL_RODZIC, ID_ADRES) VALUES (20, 'Wiktoria', 'Pawlak', 'wpawlak', 'haslo120', '1963-03-01', '109878990', 'wpawlak@gmail.com', 20);
INSERT INTO RODZICE (ID_RODZIC, IMIE_RODZIC, NAZWISKO_RODZIC, LOGIN_RODZIC, HASLO_RODZIC, DATA_URODZENIA_RODZIC, NR_TEL_RODZIC, MAIL_RODZIC, ID_ADRES) VALUES (21, 'Stefan', 'Mazur', 'wpawlak', 'haslo121', '1964-03-01', '102981765', 'smazur@gmail.com', 21);
INSERT INTO RODZICE (ID_RODZIC, IMIE_RODZIC, NAZWISKO_RODZIC, LOGIN_RODZIC, HASLO_RODZIC, DATA_URODZENIA_RODZIC, NR_TEL_RODZIC, MAIL_RODZIC, ID_ADRES) VALUES (22, 'Antoni', 'Laska', 'alaska', 'haslo122', '1964-01-31', '128769098', 'alaska@o2.pl', 22);
INSERT INTO RODZICE (ID_RODZIC, IMIE_RODZIC, NAZWISKO_RODZIC, LOGIN_RODZIC, HASLO_RODZIC, DATA_URODZENIA_RODZIC, NR_TEL_RODZIC, MAIL_RODZIC, ID_ADRES) VALUES (23, 'Agata', 'Danek', 'adanek', 'haslo123', '1964-09-01', '555 555 567', 'adanek@gmail.com', 23);
INSERT INTO RODZICE (ID_RODZIC, IMIE_RODZIC, NAZWISKO_RODZIC, LOGIN_RODZIC, HASLO_RODZIC, DATA_URODZENIA_RODZIC, NR_TEL_RODZIC, MAIL_RODZIC, ID_ADRES) VALUES (24, 'Igor', 'Kott', 'ikott', 'haslo124', '1964-10-15', '555 555 568', 'ikott@go2.pl', 24);
INSERT INTO RODZICE (ID_RODZIC, IMIE_RODZIC, NAZWISKO_RODZIC, LOGIN_RODZIC, HASLO_RODZIC, DATA_URODZENIA_RODZIC, NR_TEL_RODZIC, MAIL_RODZIC, ID_ADRES) VALUES (25, 'Krzysztof', 'Kurczak', 'kkurczak', 'haslo125', '1964-11-30', '555 555 569', 'kkurczak@gmail.com', 25);
INSERT INTO RODZICE (ID_RODZIC, IMIE_RODZIC, NAZWISKO_RODZIC, LOGIN_RODZIC, HASLO_RODZIC, DATA_URODZENIA_RODZIC, NR_TEL_RODZIC, MAIL_RODZIC, ID_ADRES) VALUES (26, 'Jacek', 'Gacek', 'jgacek', 'haslo126', '1965-12-20', '555 555 570', 'jgacek@gmail.com', 26);
INSERT INTO RODZICE (ID_RODZIC, IMIE_RODZIC, NAZWISKO_RODZIC, LOGIN_RODZIC, HASLO_RODZIC, DATA_URODZENIA_RODZIC, NR_TEL_RODZIC, MAIL_RODZIC, ID_ADRES) VALUES (27, 'Janina', 'Nowak', 'jnowak', 'haslo127', '1965-01-01', '555 555 565', 'jnowak@onet.pl', 27);
INSERT INTO RODZICE (ID_RODZIC, IMIE_RODZIC, NAZWISKO_RODZIC, LOGIN_RODZIC, HASLO_RODZIC, DATA_URODZENIA_RODZIC, NR_TEL_RODZIC, MAIL_RODZIC, ID_ADRES) VALUES (28, 'Mateusz', 'Wiśniewski', 'mwisniewski', 'haslo128', '1965-02-15', '555 555 566', 'mwisniewski@gmail.com', 28);
INSERT INTO RODZICE (ID_RODZIC, IMIE_RODZIC, NAZWISKO_RODZIC, LOGIN_RODZIC, HASLO_RODZIC, DATA_URODZENIA_RODZIC, NR_TEL_RODZIC, MAIL_RODZIC, ID_ADRES) VALUES (29, 'Joanna', 'Garbiarz', 'jgarbiarz', 'haslo129', '1965-03-30', '555 555 567', 'jkrawczyk@gmail.com', 29);
INSERT INTO RODZICE (ID_RODZIC, IMIE_RODZIC, NAZWISKO_RODZIC, LOGIN_RODZIC, HASLO_RODZIC, DATA_URODZENIA_RODZIC, NR_TEL_RODZIC, MAIL_RODZIC, ID_ADRES) VALUES (30, 'Jolanta', 'Malinowska', 'jmalinowska', 'haslo130', '1965-05-20', '555 555 568', 'jmalinowska@gmail.com', 30);

INSERT INTO RODZICE (ID_RODZIC, IMIE_RODZIC, NAZWISKO_RODZIC, LOGIN_RODZIC, HASLO_RODZIC, DATA_URODZENIA_RODZIC, NR_TEL_RODZIC, MAIL_RODZIC, ID_ADRES) VALUES (31, 'Kazimierz', 'Malinowski', 'kmalinowski', 'haslo131', '1963-02-21', '694418394', 'kmalinowski@interia.pl', 30);
INSERT INTO RODZICE (ID_RODZIC, IMIE_RODZIC, NAZWISKO_RODZIC, LOGIN_RODZIC, HASLO_RODZIC, DATA_URODZENIA_RODZIC, NR_TEL_RODZIC, MAIL_RODZIC, ID_ADRES) VALUES (32, 'Ernest', 'Pawłowski', 'mpawlowski', 'haslo132', '1972-11-12', null, null, 31);
INSERT INTO RODZICE (ID_RODZIC, IMIE_RODZIC, NAZWISKO_RODZIC, LOGIN_RODZIC, HASLO_RODZIC, DATA_URODZENIA_RODZIC, NR_TEL_RODZIC, MAIL_RODZIC, ID_ADRES) VALUES (33, 'Janina', 'Pawłowska', 'jpawlowska', 'haslo133', '1986-08-30', null, 'jpawlowska@wp.pl', 31);
INSERT INTO RODZICE (ID_RODZIC, IMIE_RODZIC, NAZWISKO_RODZIC, LOGIN_RODZIC, HASLO_RODZIC, DATA_URODZENIA_RODZIC, NR_TEL_RODZIC, MAIL_RODZIC, ID_ADRES) VALUES (34, 'Edmund', 'Kowalik', 'ekowalik', 'haslo134', '1986-08-30', '799 656 06', 'ekowalik@o2.pl', 32);
INSERT INTO RODZICE (ID_RODZIC, IMIE_RODZIC, NAZWISKO_RODZIC, LOGIN_RODZIC, HASLO_RODZIC, DATA_URODZENIA_RODZIC, NR_TEL_RODZIC, MAIL_RODZIC, ID_ADRES) VALUES (35, 'Jakub', 'Kozioł', 'jkoziol', 'haslo135', '1994-12-14', '236 772 650', null, 33);
INSERT INTO RODZICE (ID_RODZIC, IMIE_RODZIC, NAZWISKO_RODZIC, LOGIN_RODZIC, HASLO_RODZIC, DATA_URODZENIA_RODZIC, NR_TEL_RODZIC, MAIL_RODZIC, ID_ADRES) VALUES (36, 'Bolesława', 'Kozioł', 'bkoziol', 'haslo136', '1997-12-19', '694751494', 'bkoziol@gmail.com', 33);
INSERT INTO RODZICE (ID_RODZIC, IMIE_RODZIC, NAZWISKO_RODZIC, LOGIN_RODZIC, HASLO_RODZIC, DATA_URODZENIA_RODZIC, NR_TEL_RODZIC, MAIL_RODZIC, ID_ADRES) VALUES (37, 'Antonina', 'Baran', 'abaran', 'haslo137', '1979-04-18', '518 743 495', null, 34);
INSERT INTO RODZICE (ID_RODZIC, IMIE_RODZIC, NAZWISKO_RODZIC, LOGIN_RODZIC, HASLO_RODZIC, DATA_URODZENIA_RODZIC, NR_TEL_RODZIC, MAIL_RODZIC, ID_ADRES) VALUES (38, 'Mateusz', 'Wojciechowski', 'mwojciechowski', 'haslo138', '1963-02-21', '694482431', 'mwojciechowski@interia.pl', 35);
INSERT INTO RODZICE (ID_RODZIC, IMIE_RODZIC, NAZWISKO_RODZIC, LOGIN_RODZIC, HASLO_RODZIC, DATA_URODZENIA_RODZIC, NR_TEL_RODZIC, MAIL_RODZIC, ID_ADRES) VALUES (39, 'Natalia', 'Wojciechowska', 'nwojciechowska', 'haslo139', '1986-08-30', '793883937', 'nwojciechowska@wp.pl', 35);
INSERT INTO RODZICE (ID_RODZIC, IMIE_RODZIC, NAZWISKO_RODZIC, LOGIN_RODZIC, HASLO_RODZIC, DATA_URODZENIA_RODZIC, NR_TEL_RODZIC, MAIL_RODZIC, ID_ADRES) VALUES (40, 'Kaja', 'Baranowska', 'kbaranowska', 'haslo140', '1967-10-27', '221 134 569', 'kbaranowska@onet.pl', 36);
INSERT INTO RODZICE (ID_RODZIC, IMIE_RODZIC, NAZWISKO_RODZIC, LOGIN_RODZIC, HASLO_RODZIC, DATA_URODZENIA_RODZIC, NR_TEL_RODZIC, MAIL_RODZIC, ID_ADRES) VALUES (41, 'Olaf', 'Lewandowski', 'olewandowski', 'haslo141', '1967-07-01', '604308058', 'olewandowski@gmail.com', 37);
INSERT INTO RODZICE (ID_RODZIC, IMIE_RODZIC, NAZWISKO_RODZIC, LOGIN_RODZIC, HASLO_RODZIC, DATA_URODZENIA_RODZIC, NR_TEL_RODZIC, MAIL_RODZIC, ID_ADRES) VALUES (42, 'Benedykt', 'Kowal', 'bkowal', 'haslo142', '1972-01-18', null, 'bkowal@o2.pl', 38);
INSERT INTO RODZICE (ID_RODZIC, IMIE_RODZIC, NAZWISKO_RODZIC, LOGIN_RODZIC, HASLO_RODZIC, DATA_URODZENIA_RODZIC, NR_TEL_RODZIC, MAIL_RODZIC, ID_ADRES) VALUES (43, 'Sandra', 'Kowal', 'skowal', 'haslo142', '1987-05-10', '506023983', 'skowal@interia.pl', 38);
INSERT INTO RODZICE (ID_RODZIC, IMIE_RODZIC, NAZWISKO_RODZIC, LOGIN_RODZIC, HASLO_RODZIC, DATA_URODZENIA_RODZIC, NR_TEL_RODZIC, MAIL_RODZIC, ID_ADRES) VALUES (44, 'Klaudia', 'Kurek', 'kkurek', 'haslo143', '1987-01-22', null, 'kkurek@wp.pl', 39);
INSERT INTO RODZICE (ID_RODZIC, IMIE_RODZIC, NAZWISKO_RODZIC, LOGIN_RODZIC, HASLO_RODZIC, DATA_URODZENIA_RODZIC, NR_TEL_RODZIC, MAIL_RODZIC, ID_ADRES) VALUES (45, 'Leszek', 'Lipiński', 'llipinski', 'haslo144', '1972-12-23', '604 180 270', 'llipinski@onet.pl', 40);
INSERT INTO RODZICE (ID_RODZIC, IMIE_RODZIC, NAZWISKO_RODZIC, LOGIN_RODZIC, HASLO_RODZIC, DATA_URODZENIA_RODZIC, NR_TEL_RODZIC, MAIL_RODZIC, ID_ADRES) VALUES (46, 'Halina', 'Lipińska', 'hlipinska', 'haslo145', '1979-12-14', '604935894', 'hlipinska@onet.pl', 40);
INSERT INTO RODZICE (ID_RODZIC, IMIE_RODZIC, NAZWISKO_RODZIC, LOGIN_RODZIC, HASLO_RODZIC, DATA_URODZENIA_RODZIC, NR_TEL_RODZIC, MAIL_RODZIC, ID_ADRES) VALUES (47, 'Przemysław', 'Borkowski', 'pborkowski', 'haslo146', '1979-12-14', '604812963', 'pborkowski@gmail.com', 41);
INSERT INTO RODZICE (ID_RODZIC, IMIE_RODZIC, NAZWISKO_RODZIC, LOGIN_RODZIC, HASLO_RODZIC, DATA_URODZENIA_RODZIC, NR_TEL_RODZIC, MAIL_RODZIC, ID_ADRES) VALUES (48, 'Lilianna', 'Majewska', 'lmajewska', 'haslo147', '1988-09-05', '604 599 065', 'lmajewska@o2.pl', 42);
INSERT INTO RODZICE (ID_RODZIC, IMIE_RODZIC, NAZWISKO_RODZIC, LOGIN_RODZIC, HASLO_RODZIC, DATA_URODZENIA_RODZIC, NR_TEL_RODZIC, MAIL_RODZIC, ID_ADRES) VALUES (49, 'Edward', 'Majewski', 'emajewski', 'haslo148', '1986-05-10', '604812963', 'emajewski@interia.pl', 42);
INSERT INTO RODZICE (ID_RODZIC, IMIE_RODZIC, NAZWISKO_RODZIC, LOGIN_RODZIC, HASLO_RODZIC, DATA_URODZENIA_RODZIC, NR_TEL_RODZIC, MAIL_RODZIC, ID_ADRES) VALUES (50, 'Hanna', 'Kowalczyk', 'hkowalczyk', 'haslo149', '1981-09-19', null, 'hkowalczyk@wp.pl', 43);
INSERT INTO RODZICE (ID_RODZIC, IMIE_RODZIC, NAZWISKO_RODZIC, LOGIN_RODZIC, HASLO_RODZIC, DATA_URODZENIA_RODZIC, NR_TEL_RODZIC, MAIL_RODZIC, ID_ADRES) VALUES (51, 'Józefa', 'Kasprzak', 'jkasprzak', 'haslo150', '1965-07-25', '570224873', 'jkasprzak@gmail.com', 44);
INSERT INTO RODZICE (ID_RODZIC, IMIE_RODZIC, NAZWISKO_RODZIC, LOGIN_RODZIC, HASLO_RODZIC, DATA_URODZENIA_RODZIC, NR_TEL_RODZIC, MAIL_RODZIC, ID_ADRES) VALUES (52, 'Marta', 'Kruk', 'mkruk', 'haslo151', '1964-03-02', '570025004', 'mkruk@o2.pl', 45);
INSERT INTO RODZICE (ID_RODZIC, IMIE_RODZIC, NAZWISKO_RODZIC, LOGIN_RODZIC, HASLO_RODZIC, DATA_URODZENIA_RODZIC, NR_TEL_RODZIC, MAIL_RODZIC, ID_ADRES) VALUES (53, 'Julia', 'Włodarczyk', 'jwlodarczyk', 'haslo152', '1984-09-21', '570906216', 'jwlodarczyk@gmail.com', 46);
INSERT INTO RODZICE (ID_RODZIC, IMIE_RODZIC, NAZWISKO_RODZIC, LOGIN_RODZIC, HASLO_RODZIC, DATA_URODZENIA_RODZIC, NR_TEL_RODZIC, MAIL_RODZIC, ID_ADRES) VALUES (54, 'Bogusław', 'Śliwiński', 'bsliwinski', 'haslo154', '1961-02-02', null, 'bsliwinski@o2.pl', 47);
INSERT INTO RODZICE (ID_RODZIC, IMIE_RODZIC, NAZWISKO_RODZIC, LOGIN_RODZIC, HASLO_RODZIC, DATA_URODZENIA_RODZIC, NR_TEL_RODZIC, MAIL_RODZIC, ID_ADRES) VALUES (55, 'Zdzisława', 'Michalska', 'zmichalska', 'haslo155', '1992-03-14', '793477698', 'zmichalska@interia.pl', 48);
INSERT INTO RODZICE (ID_RODZIC, IMIE_RODZIC, NAZWISKO_RODZIC, LOGIN_RODZIC, HASLO_RODZIC, DATA_URODZENIA_RODZIC, NR_TEL_RODZIC, MAIL_RODZIC, ID_ADRES) VALUES (56, 'Juliusz', 'Janik', 'jjanik', 'haslo156', '1972-03-16', '793883358', 'jjanik@wp.pl', 49);
INSERT INTO RODZICE (ID_RODZIC, IMIE_RODZIC, NAZWISKO_RODZIC, LOGIN_RODZIC, HASLO_RODZIC, DATA_URODZENIA_RODZIC, NR_TEL_RODZIC, MAIL_RODZIC, ID_ADRES) VALUES (57, 'Helmut', 'Bednarczyk', 'hbednarczyk', 'haslo157', '1986-03-12', '793526944', 'hbednarczyk@onet.pl', 50);
INSERT INTO RODZICE (ID_RODZIC, IMIE_RODZIC, NAZWISKO_RODZIC, LOGIN_RODZIC, HASLO_RODZIC, DATA_URODZENIA_RODZIC, NR_TEL_RODZIC, MAIL_RODZIC, ID_ADRES) VALUES (58, 'Kazimiera', 'Dąbrowska', 'kdabrowska', 'haslo158', '1997-07-03', '452981772', null, 51);
INSERT INTO RODZICE (ID_RODZIC, IMIE_RODZIC, NAZWISKO_RODZIC, LOGIN_RODZIC, HASLO_RODZIC, DATA_URODZENIA_RODZIC, NR_TEL_RODZIC, MAIL_RODZIC, ID_ADRES) VALUES (59, 'Grzegorz', 'Witkowski', 'gwitkowski', 'haslo159', '1972-09-23', '221134803', 'gwitkowski@gmail.com', 52);
INSERT INTO RODZICE (ID_RODZIC, IMIE_RODZIC, NAZWISKO_RODZIC, LOGIN_RODZIC, HASLO_RODZIC, DATA_URODZENIA_RODZIC, NR_TEL_RODZIC, MAIL_RODZIC, ID_ADRES) VALUES (60, 'Żaneta', 'Bąk', 'zbak', 'haslo160', '1973-09-06', '452013855', 'zbak@gmail.com', 53);
INSERT INTO RODZICE (ID_RODZIC, IMIE_RODZIC, NAZWISKO_RODZIC, LOGIN_RODZIC, HASLO_RODZIC, DATA_URODZENIA_RODZIC, NR_TEL_RODZIC, MAIL_RODZIC, ID_ADRES) VALUES (61, 'Adrianna', 'Kowalewska', 'akowalewska', 'haslo161', '1969-03-02', null, 'akowalewska@o2.pl', 54);
INSERT INTO RODZICE (ID_RODZIC, IMIE_RODZIC, NAZWISKO_RODZIC, LOGIN_RODZIC, HASLO_RODZIC, DATA_URODZENIA_RODZIC, NR_TEL_RODZIC, MAIL_RODZIC, ID_ADRES) VALUES (62, 'Pelagia', 'Sowa', 'psowa', 'haslo162', '1972-02-23', '887857066', 'psowa@interia.pl', 55);
INSERT INTO RODZICE (ID_RODZIC, IMIE_RODZIC, NAZWISKO_RODZIC, LOGIN_RODZIC, HASLO_RODZIC, DATA_URODZENIA_RODZIC, NR_TEL_RODZIC, MAIL_RODZIC, ID_ADRES) VALUES (63, 'Konrad', 'Piątek', 'kpiatek', 'haslo163', '1981-06-26', '793883358', 'kpiatek@wp.pl', 56);
INSERT INTO RODZICE (ID_RODZIC, IMIE_RODZIC, NAZWISKO_RODZIC, LOGIN_RODZIC, HASLO_RODZIC, DATA_URODZENIA_RODZIC, NR_TEL_RODZIC, MAIL_RODZIC, ID_ADRES) VALUES (64, 'Leokadia', 'Śliwińska', 'lsliwinska', 'haslo164', '1971-03-18', '146 822 4321', null, 57);
INSERT INTO RODZICE (ID_RODZIC, IMIE_RODZIC, NAZWISKO_RODZIC, LOGIN_RODZIC, HASLO_RODZIC, DATA_URODZENIA_RODZIC, NR_TEL_RODZIC, MAIL_RODZIC, ID_ADRES) VALUES (65, 'Roman', 'Frączczak', 'fraczczak', 'h12aslo', '1985-06-11', '428 274 221', 'afraczczak@gmail.com', 64);
INSERT INTO RODZICE (ID_RODZIC, IMIE_RODZIC, NAZWISKO_RODZIC, LOGIN_RODZIC, HASLO_RODZIC, DATA_URODZENIA_RODZIC, NR_TEL_RODZIC, MAIL_RODZIC, ID_ADRES) VALUES (66, 'Anna', 'Nowak', 'ANowak', 'haslo12381238', '1980-01-04', '643 313 891', null, 60);
INSERT INTO RODZICE (ID_RODZIC, IMIE_RODZIC, NAZWISKO_RODZIC, LOGIN_RODZIC, HASLO_RODZIC, DATA_URODZENIA_RODZIC, NR_TEL_RODZIC, MAIL_RODZIC, ID_ADRES) VALUES (67, 'Cezary', 'Trzmiel', 'trzmiel320', 'haslo2891', '1982-08-27', '125 543 651', 'trzmielcezary@wp.pl', 63);
INSERT INTO RODZICE (ID_RODZIC, IMIE_RODZIC, NAZWISKO_RODZIC, LOGIN_RODZIC, HASLO_RODZIC, DATA_URODZENIA_RODZIC, NR_TEL_RODZIC, MAIL_RODZIC, ID_ADRES) VALUES (68, 'Franciszek', 'Żaba', 'fzaba', 'haslo9312988', '1973-02-23', '687 481 391', 'franzaba@onet.pl', 61);
INSERT INTO RODZICE (ID_RODZIC, IMIE_RODZIC, NAZWISKO_RODZIC, LOGIN_RODZIC, HASLO_RODZIC, DATA_URODZENIA_RODZIC, NR_TEL_RODZIC, MAIL_RODZIC, ID_ADRES) VALUES (69, 'Monika', 'Drzewicka', 'drzewickamonika', 'has3210123', '1983-05-15', '643 928 411', 'drzewickamon@onet.pl', 62);
INSERT INTO RODZICE (ID_RODZIC, IMIE_RODZIC, NAZWISKO_RODZIC, LOGIN_RODZIC, HASLO_RODZIC, DATA_URODZENIA_RODZIC, NR_TEL_RODZIC, MAIL_RODZIC, ID_ADRES) VALUES (70, 'Adam', 'Kowalewski', 'kowaladam', 'haslohaslo392', '1990-12-22', '321 423 888', null, 65);




--uczniowie
INSERT INTO UCZNIOWIE (ID_UCZEN, IMIE_UCZEN, NAZWISKO_UCZEN, PESEL_UCZEN, LOGIN_UCZEN, HASLO_UCZEN, DATA_URODZENIA_UCZEN, ID_ADRES) VALUES (1, 'Marcin', 'Kowalski', '12345678901', 'mkowalski', 'haslo201', '2000-01-01', 1);
INSERT INTO UCZNIOWIE (ID_UCZEN, IMIE_UCZEN, NAZWISKO_UCZEN, PESEL_UCZEN, LOGIN_UCZEN, HASLO_UCZEN, DATA_URODZENIA_UCZEN, ID_ADRES) VALUES (2, 'Karolina', 'Nowak', '23456789012', 'knowak', 'haslo202', '2000-02-15', 2);
INSERT INTO UCZNIOWIE (ID_UCZEN, IMIE_UCZEN, NAZWISKO_UCZEN, PESEL_UCZEN, LOGIN_UCZEN, HASLO_UCZEN, DATA_URODZENIA_UCZEN, ID_ADRES) VALUES (3, 'Ludwik', 'Wiśniewski', '34567890123', 'lwisniewski', 'haslo203', '2000-03-30', 3);
INSERT INTO UCZNIOWIE (ID_UCZEN, IMIE_UCZEN, NAZWISKO_UCZEN, PESEL_UCZEN, LOGIN_UCZEN, HASLO_UCZEN, DATA_URODZENIA_UCZEN, ID_ADRES) VALUES (4, 'Julia', 'Kowalska', '45678901234', 'jkowalska', 'haslo204', '2000-05-20', 4);
INSERT INTO UCZNIOWIE (ID_UCZEN, IMIE_UCZEN, NAZWISKO_UCZEN, PESEL_UCZEN, LOGIN_UCZEN, HASLO_UCZEN, DATA_URODZENIA_UCZEN, ID_ADRES) VALUES (5, 'Kacper', 'Malinowski', '56789012345', 'kmalinowski', 'haslo205', '2000-06-10', 5);
INSERT INTO UCZNIOWIE (ID_UCZEN, IMIE_UCZEN, NAZWISKO_UCZEN, PESEL_UCZEN, LOGIN_UCZEN, HASLO_UCZEN, DATA_URODZENIA_UCZEN, ID_ADRES) VALUES (6, 'Dominika', 'Adamczyk', '67890123456', 'dadamczyk', 'haslo206', '2001-07-25', 6);
INSERT INTO UCZNIOWIE (ID_UCZEN, IMIE_UCZEN, NAZWISKO_UCZEN, PESEL_UCZEN, LOGIN_UCZEN, HASLO_UCZEN, DATA_URODZENIA_UCZEN, ID_ADRES) VALUES (7, 'Mateusz', 'Wojciechowski', '78901234567', 'mwojciechowski', 'haslo207', '2001-08-15', 7);
INSERT INTO UCZNIOWIE (ID_UCZEN, IMIE_UCZEN, NAZWISKO_UCZEN, PESEL_UCZEN, LOGIN_UCZEN, HASLO_UCZEN, DATA_URODZENIA_UCZEN, ID_ADRES) VALUES (8, 'Kinga', 'Kozłowska', '89012345678', 'kkozlowska', 'haslo208', '2001-09-05', 8);
INSERT INTO UCZNIOWIE (ID_UCZEN, IMIE_UCZEN, NAZWISKO_UCZEN, PESEL_UCZEN, LOGIN_UCZEN, HASLO_UCZEN, DATA_URODZENIA_UCZEN, ID_ADRES) VALUES (9, 'Kamil', 'Jankowski', '90123456789', 'kjankowski', 'haslo209', '2001-10-01', 9);
INSERT INTO UCZNIOWIE (ID_UCZEN, IMIE_UCZEN, NAZWISKO_UCZEN, PESEL_UCZEN, LOGIN_UCZEN, HASLO_UCZEN, DATA_URODZENIA_UCZEN, ID_ADRES) VALUES (10, 'Dominik', 'Wróbel', '01234567890', 'dwrobel', 'haslo210', '2001-11-11', 10);
INSERT INTO UCZNIOWIE (ID_UCZEN, IMIE_UCZEN, NAZWISKO_UCZEN, PESEL_UCZEN, LOGIN_UCZEN, HASLO_UCZEN, DATA_URODZENIA_UCZEN, ID_ADRES) VALUES (11, 'Klaudia', 'Kracik', '09267354289', 'kkracik', 'haslo211', '2002-09-05', 11);
INSERT INTO UCZNIOWIE (ID_UCZEN, IMIE_UCZEN, NAZWISKO_UCZEN, PESEL_UCZEN, LOGIN_UCZEN, HASLO_UCZEN, DATA_URODZENIA_UCZEN, ID_ADRES) VALUES (12, 'Karol', 'Wójcik', '09109289012', 'kwojcik', 'haslo212', '2002-10-12', 12);
INSERT INTO UCZNIOWIE (ID_UCZEN, IMIE_UCZEN, NAZWISKO_UCZEN, PESEL_UCZEN, LOGIN_UCZEN, HASLO_UCZEN, DATA_URODZENIA_UCZEN, ID_ADRES) VALUES (13, 'Marek', 'Skoczyk', '09087687643', 'mskoczyk', 'haslo213', '2002-12-11', 13);
INSERT INTO UCZNIOWIE (ID_UCZEN, IMIE_UCZEN, NAZWISKO_UCZEN, PESEL_UCZEN, LOGIN_UCZEN, HASLO_UCZEN, DATA_URODZENIA_UCZEN, ID_ADRES) VALUES (14, 'Kacper', 'Dziedzic', '10293756291', 'kdziedzic', 'haslo214', '2002-12-01', 14);
INSERT INTO UCZNIOWIE (ID_UCZEN, IMIE_UCZEN, NAZWISKO_UCZEN, PESEL_UCZEN, LOGIN_UCZEN, HASLO_UCZEN, DATA_URODZENIA_UCZEN, ID_ADRES) VALUES (15, 'Monika', 'Dudek', '01020398767', 'mdudek', 'haslo215', '2002-11-12', 15);
INSERT INTO UCZNIOWIE (ID_UCZEN, IMIE_UCZEN, NAZWISKO_UCZEN, PESEL_UCZEN, LOGIN_UCZEN, HASLO_UCZEN, DATA_URODZENIA_UCZEN, ID_ADRES) VALUES (16, 'Magdalena', 'Nowakowski', '76898752431', 'mnowakowski', 'haslo216', '2003-10-08', 16);
INSERT INTO UCZNIOWIE (ID_UCZEN, IMIE_UCZEN, NAZWISKO_UCZEN, PESEL_UCZEN, LOGIN_UCZEN, HASLO_UCZEN, DATA_URODZENIA_UCZEN, ID_ADRES) VALUES (17, 'Darek', 'Krasnal', '12854319876', 'dkrasnal', 'haslo217', '2003-09-02', 17);
INSERT INTO UCZNIOWIE (ID_UCZEN, IMIE_UCZEN, NAZWISKO_UCZEN, PESEL_UCZEN, LOGIN_UCZEN, HASLO_UCZEN, DATA_URODZENIA_UCZEN, ID_ADRES) VALUES (18, 'Mateusz', 'Tomala', '19825376549', 'mtomala', 'haslo218', '2003-08-05', 18);
INSERT INTO UCZNIOWIE (ID_UCZEN, IMIE_UCZEN, NAZWISKO_UCZEN, PESEL_UCZEN, LOGIN_UCZEN, HASLO_UCZEN, DATA_URODZENIA_UCZEN, ID_ADRES) VALUES (19, 'Jan', 'Rafacz', '19222543871', 'jrafacz', 'haslo219', '2003-07-23', 19);
INSERT INTO UCZNIOWIE (ID_UCZEN, IMIE_UCZEN, NAZWISKO_UCZEN, PESEL_UCZEN, LOGIN_UCZEN, HASLO_UCZEN, DATA_URODZENIA_UCZEN, ID_ADRES) VALUES (20, 'Sylwia', 'Pawlak', '19228569822', 'mzpawlak', 'haslo220', '2003-06-06', 20);
INSERT INTO UCZNIOWIE (ID_UCZEN, IMIE_UCZEN, NAZWISKO_UCZEN, PESEL_UCZEN, LOGIN_UCZEN, HASLO_UCZEN, DATA_URODZENIA_UCZEN, ID_ADRES) VALUES (21, 'Agnieszka', 'Mazur', '98765432198', 'amazur', 'haslo221', '2004-10-01', 21);
INSERT INTO UCZNIOWIE (ID_UCZEN, IMIE_UCZEN, NAZWISKO_UCZEN, PESEL_UCZEN, LOGIN_UCZEN, HASLO_UCZEN, DATA_URODZENIA_UCZEN, ID_ADRES) VALUES (22, 'Katarzyna', 'Laska', '29181726389', 'klaska', 'haslo222', '2004-10-22', 22);
INSERT INTO UCZNIOWIE (ID_UCZEN, IMIE_UCZEN, NAZWISKO_UCZEN, PESEL_UCZEN, LOGIN_UCZEN, HASLO_UCZEN, DATA_URODZENIA_UCZEN, ID_ADRES) VALUES (23, 'Jakub', 'Danek', '11122333444', 'jdanek', 'haslo223', '2004-01-01', 23);
INSERT INTO UCZNIOWIE (ID_UCZEN, IMIE_UCZEN, NAZWISKO_UCZEN, PESEL_UCZEN, LOGIN_UCZEN, HASLO_UCZEN, DATA_URODZENIA_UCZEN, ID_ADRES) VALUES (24, 'Julia', 'Kott', '12233344455', 'jkott', 'haslo224', '2004-02-15', 24);
INSERT INTO UCZNIOWIE (ID_UCZEN, IMIE_UCZEN, NAZWISKO_UCZEN, PESEL_UCZEN, LOGIN_UCZEN, HASLO_UCZEN, DATA_URODZENIA_UCZEN, ID_ADRES) VALUES (25, 'Mateusz', 'Kurczak', '13334445556', 'mkurczak', 'haslo225', '2004-03-30', 25);
INSERT INTO UCZNIOWIE (ID_UCZEN, IMIE_UCZEN, NAZWISKO_UCZEN, PESEL_UCZEN, LOGIN_UCZEN, HASLO_UCZEN, DATA_URODZENIA_UCZEN, ID_ADRES) VALUES (26, 'Kamil', 'Gacek', '14444555667', 'kgacek', 'haslo226', '2005-05-20', 26);
INSERT INTO UCZNIOWIE (ID_UCZEN, IMIE_UCZEN, NAZWISKO_UCZEN, PESEL_UCZEN, LOGIN_UCZEN, HASLO_UCZEN, DATA_URODZENIA_UCZEN, ID_ADRES) VALUES (27, 'Mikołaj', 'Nowak', '98765432101', 'mnowak', 'haslo227', '2005-01-01', 27);
INSERT INTO UCZNIOWIE (ID_UCZEN, IMIE_UCZEN, NAZWISKO_UCZEN, PESEL_UCZEN, LOGIN_UCZEN, HASLO_UCZEN, DATA_URODZENIA_UCZEN, ID_ADRES) VALUES (28, 'Magdalena', 'Wiśniewska', '87654321023', 'mwisniewska', 'haslo228', '2005-02-15', 28);
INSERT INTO UCZNIOWIE (ID_UCZEN, IMIE_UCZEN, NAZWISKO_UCZEN, PESEL_UCZEN, LOGIN_UCZEN, HASLO_UCZEN, DATA_URODZENIA_UCZEN, ID_ADRES) VALUES (29, 'Krzysztof', 'Garbiarz', '76543210345', 'kgarbiarz', 'haslo229', '2005-03-30', 29);
INSERT INTO UCZNIOWIE (ID_UCZEN, IMIE_UCZEN, NAZWISKO_UCZEN, PESEL_UCZEN, LOGIN_UCZEN, HASLO_UCZEN, DATA_URODZENIA_UCZEN, ID_ADRES) VALUES (30, 'Agnieszka', 'Malinowska', '65432104567', 'amalinowska', 'haslo2230', '2005-05-20', 30);
INSERT INTO UCZNIOWIE (ID_UCZEN, IMIE_UCZEN, NAZWISKO_UCZEN, PESEL_UCZEN, LOGIN_UCZEN, HASLO_UCZEN, DATA_URODZENIA_UCZEN, ID_ADRES) VALUES (31, 'Igor', 'Pawłowski', '10233125508', 'mpawlowski', 'haslo218', '2010-03-31', 31);
INSERT INTO UCZNIOWIE (ID_UCZEN, IMIE_UCZEN, NAZWISKO_UCZEN, PESEL_UCZEN, LOGIN_UCZEN, HASLO_UCZEN, DATA_URODZENIA_UCZEN, ID_ADRES) VALUES (32, 'Jarosław', 'Kowalik', '12291634743', 'jkowalik', 'haslo219', '2012-09-16', 32);
INSERT INTO UCZNIOWIE (ID_UCZEN, IMIE_UCZEN, NAZWISKO_UCZEN, PESEL_UCZEN, LOGIN_UCZEN, HASLO_UCZEN, DATA_URODZENIA_UCZEN, ID_ADRES) VALUES (33, 'Waleria', 'Kowalik', '07240336388', 'wkowalik', 'haslo220', '2007-04-03', 32);
INSERT INTO UCZNIOWIE (ID_UCZEN, IMIE_UCZEN, NAZWISKO_UCZEN, PESEL_UCZEN, LOGIN_UCZEN, HASLO_UCZEN, DATA_URODZENIA_UCZEN, ID_ADRES) VALUES (34, 'Regina', 'Kozioł', '15301923196', 'rkoziol', 'haslo221', '2015-10-19', 33);
INSERT INTO UCZNIOWIE (ID_UCZEN, IMIE_UCZEN, NAZWISKO_UCZEN, PESEL_UCZEN, LOGIN_UCZEN, HASLO_UCZEN, DATA_URODZENIA_UCZEN, ID_ADRES) VALUES (35, 'Katarzyna', 'Baran', '11300929027', 'kbaran', 'haslo222', '2011-10-09', 34);
INSERT INTO UCZNIOWIE (ID_UCZEN, IMIE_UCZEN, NAZWISKO_UCZEN, PESEL_UCZEN, LOGIN_UCZEN, HASLO_UCZEN, DATA_URODZENIA_UCZEN, ID_ADRES) VALUES (36, 'Jakub', 'Wojciechowski', '10272458544', 'jwojciechowski', 'haslo223', '2010-07-24', 35);
INSERT INTO UCZNIOWIE (ID_UCZEN, IMIE_UCZEN, NAZWISKO_UCZEN, PESEL_UCZEN, LOGIN_UCZEN, HASLO_UCZEN, DATA_URODZENIA_UCZEN, ID_ADRES) VALUES (37, 'Albina', 'Wojciechowska', '08290686218', 'awojciechowska', 'haslo224', '2008-09-06', 35);
INSERT INTO UCZNIOWIE (ID_UCZEN, IMIE_UCZEN, NAZWISKO_UCZEN, PESEL_UCZEN, LOGIN_UCZEN, HASLO_UCZEN, DATA_URODZENIA_UCZEN, ID_ADRES) VALUES (38, 'Mateusz', 'Baranowski', '08281089255', 'mbaranowski', 'haslo225', '2008-08-10', 36);
INSERT INTO UCZNIOWIE (ID_UCZEN, IMIE_UCZEN, NAZWISKO_UCZEN, PESEL_UCZEN, LOGIN_UCZEN, HASLO_UCZEN, DATA_URODZENIA_UCZEN, ID_ADRES) VALUES (39, 'Kamil', 'Lewandowski', '14262103779', 'klewandowski', 'haslo226', '2014-06-21', 37);
INSERT INTO UCZNIOWIE (ID_UCZEN, IMIE_UCZEN, NAZWISKO_UCZEN, PESEL_UCZEN, LOGIN_UCZEN, HASLO_UCZEN, DATA_URODZENIA_UCZEN, ID_ADRES) VALUES (40, 'Mikołaj', 'Kowal', '18291282252', 'mkowal', 'haslo227', '2018-09-12', 38);
INSERT INTO UCZNIOWIE (ID_UCZEN, IMIE_UCZEN, NAZWISKO_UCZEN, PESEL_UCZEN, LOGIN_UCZEN, HASLO_UCZEN, DATA_URODZENIA_UCZEN, ID_ADRES) VALUES (41, 'Marianna', 'Kurek', '16212302337', 'mkurek', 'haslo228', '2016-01-23', 39);
INSERT INTO UCZNIOWIE (ID_UCZEN, IMIE_UCZEN, NAZWISKO_UCZEN, PESEL_UCZEN, LOGIN_UCZEN, HASLO_UCZEN, DATA_URODZENIA_UCZEN, ID_ADRES) VALUES (42, 'Krzysztof', 'Lipiński', '10240989876', 'klipinski', 'haslo229', '2010-04-09', 40);
INSERT INTO UCZNIOWIE (ID_UCZEN, IMIE_UCZEN, NAZWISKO_UCZEN, PESEL_UCZEN, LOGIN_UCZEN, HASLO_UCZEN, DATA_URODZENIA_UCZEN, ID_ADRES) VALUES (43, 'Agnieszka', 'Borkowski', '12221138301', 'aborkowski', 'haslo2230', '2012-02-11', 41);
INSERT INTO UCZNIOWIE (ID_UCZEN, IMIE_UCZEN, NAZWISKO_UCZEN, PESEL_UCZEN, LOGIN_UCZEN, HASLO_UCZEN, DATA_URODZENIA_UCZEN, ID_ADRES) VALUES (44, 'Mateusz', 'Majewski', '09212995324', 'mmajewski', 'haslo218', '2009-01-29', 42);
INSERT INTO UCZNIOWIE (ID_UCZEN, IMIE_UCZEN, NAZWISKO_UCZEN, PESEL_UCZEN, LOGIN_UCZEN, HASLO_UCZEN, DATA_URODZENIA_UCZEN, ID_ADRES) VALUES (45, 'Jan', 'Kowalczyk', '10243085401', 'jkowalczyk', 'haslo219', '2010-04-30', 43);
INSERT INTO UCZNIOWIE (ID_UCZEN, IMIE_UCZEN, NAZWISKO_UCZEN, PESEL_UCZEN, LOGIN_UCZEN, HASLO_UCZEN, DATA_URODZENIA_UCZEN, ID_ADRES) VALUES (46, 'Sylwia', 'Kowalczyk', '14211606766', 'skowalczyk', 'haslo220', '2014-01-16', 43);
INSERT INTO UCZNIOWIE (ID_UCZEN, IMIE_UCZEN, NAZWISKO_UCZEN, PESEL_UCZEN, LOGIN_UCZEN, HASLO_UCZEN, DATA_URODZENIA_UCZEN, ID_ADRES) VALUES (47, 'Weronika', 'Kasprzak', '12262722659', 'wkasprzak', 'haslo221', '2012-06-27', 44);
INSERT INTO UCZNIOWIE (ID_UCZEN, IMIE_UCZEN, NAZWISKO_UCZEN, PESEL_UCZEN, LOGIN_UCZEN, HASLO_UCZEN, DATA_URODZENIA_UCZEN, ID_ADRES) VALUES (48, 'Diana', 'Kruk', '16321409107', 'dkruk', 'haslo222', '2016-12-14', 45);
INSERT INTO UCZNIOWIE (ID_UCZEN, IMIE_UCZEN, NAZWISKO_UCZEN, PESEL_UCZEN, LOGIN_UCZEN, HASLO_UCZEN, DATA_URODZENIA_UCZEN, ID_ADRES) VALUES (49, 'Jakub', 'Włodarczyk', '09310613483', 'jwlodarczyk', 'haslo223', '2009-11-06', 46);
INSERT INTO UCZNIOWIE (ID_UCZEN, IMIE_UCZEN, NAZWISKO_UCZEN, PESEL_UCZEN, LOGIN_UCZEN, HASLO_UCZEN, DATA_URODZENIA_UCZEN, ID_ADRES) VALUES (50, 'Julia', 'Śliwińska', '15231831169', 'jsliwinska', 'haslo224', '2015-03-18', 47);
INSERT INTO UCZNIOWIE (ID_UCZEN, IMIE_UCZEN, NAZWISKO_UCZEN, PESEL_UCZEN, LOGIN_UCZEN, HASLO_UCZEN, DATA_URODZENIA_UCZEN, ID_ADRES) VALUES (51, 'Mateusz', 'Michalski', '07320914772', 'michalski', 'haslo225', '2007-12-09', 48);
INSERT INTO UCZNIOWIE (ID_UCZEN, IMIE_UCZEN, NAZWISKO_UCZEN, PESEL_UCZEN, LOGIN_UCZEN, HASLO_UCZEN, DATA_URODZENIA_UCZEN, ID_ADRES) VALUES (52, 'Kamil', 'Janik', '08252274851', 'kjanik', 'haslo226', '2008-05-22', 49);
INSERT INTO UCZNIOWIE (ID_UCZEN, IMIE_UCZEN, NAZWISKO_UCZEN, PESEL_UCZEN, LOGIN_UCZEN, HASLO_UCZEN, DATA_URODZENIA_UCZEN, ID_ADRES) VALUES (53, 'Mikołaj', 'Bednarczyk', '17290210109', 'mbednarczyk', 'haslo227', '2017-09-02', 50);
INSERT INTO UCZNIOWIE (ID_UCZEN, IMIE_UCZEN, NAZWISKO_UCZEN, PESEL_UCZEN, LOGIN_UCZEN, HASLO_UCZEN, DATA_URODZENIA_UCZEN, ID_ADRES) VALUES (54, 'Magdalena', 'Dąbrowska', '10250356651', 'mdabrowska', 'haslo228', '2010-05-03', 51);
INSERT INTO UCZNIOWIE (ID_UCZEN, IMIE_UCZEN, NAZWISKO_UCZEN, PESEL_UCZEN, LOGIN_UCZEN, HASLO_UCZEN, DATA_URODZENIA_UCZEN, ID_ADRES) VALUES (55, 'Krzysztof', 'Witkowski', '12280648610', 'kwitkowski', 'haslo229', '2012-08-06', 52);
INSERT INTO UCZNIOWIE (ID_UCZEN, IMIE_UCZEN, NAZWISKO_UCZEN, PESEL_UCZEN, LOGIN_UCZEN, HASLO_UCZEN, DATA_URODZENIA_UCZEN, ID_ADRES) VALUES (56, 'Agnieszka', 'Bąk', '18210276850', 'abak', 'haslo2230', '2018-01-02', 53);
INSERT INTO UCZNIOWIE (ID_UCZEN, IMIE_UCZEN, NAZWISKO_UCZEN, PESEL_UCZEN, LOGIN_UCZEN, HASLO_UCZEN, DATA_URODZENIA_UCZEN, ID_ADRES) VALUES (57, 'Mateusz', 'Bąk', '05221233343', 'mbak', 'haslo225', '2005-02-12', 53);
INSERT INTO UCZNIOWIE (ID_UCZEN, IMIE_UCZEN, NAZWISKO_UCZEN, PESEL_UCZEN, LOGIN_UCZEN, HASLO_UCZEN, DATA_URODZENIA_UCZEN, ID_ADRES) VALUES (58, 'Dominik', 'Sowa', '15242276430', 'dsowa', 'haslo228', '2015-04-22', 55);
INSERT INTO UCZNIOWIE (ID_UCZEN, IMIE_UCZEN, NAZWISKO_UCZEN, PESEL_UCZEN, LOGIN_UCZEN, HASLO_UCZEN, DATA_URODZENIA_UCZEN, ID_ADRES) VALUES (59, 'Magdalena', 'Sowa', '11310198046', 'msowa', 'haslo228', '2011-11-01', 55);
INSERT INTO UCZNIOWIE (ID_UCZEN, IMIE_UCZEN, NAZWISKO_UCZEN, PESEL_UCZEN, LOGIN_UCZEN, HASLO_UCZEN, DATA_URODZENIA_UCZEN, ID_ADRES) VALUES (60, 'Róża', 'Piątek', '08291028929', 'rpiatek', 'haslo229', '2008-09-10', 56);
INSERT INTO UCZNIOWIE (ID_UCZEN, IMIE_UCZEN, NAZWISKO_UCZEN, PESEL_UCZEN, LOGIN_UCZEN, HASLO_UCZEN, DATA_URODZENIA_UCZEN, ID_ADRES) VALUES (61, 'Krzysztof', 'Piątek', '07290146368', 'kpiatek', 'haslo229', '2007-09-01', 56);
INSERT INTO UCZNIOWIE (ID_UCZEN, IMIE_UCZEN, NAZWISKO_UCZEN, PESEL_UCZEN, LOGIN_UCZEN, HASLO_UCZEN, DATA_URODZENIA_UCZEN, ID_ADRES) VALUES (62, 'Adrian', 'Śliwiński', '05230114626', 'asliwinski', 'haslo2230', '2005-03-01', 59);
INSERT INTO UCZNIOWIE (ID_UCZEN, IMIE_UCZEN, NAZWISKO_UCZEN, PESEL_UCZEN, LOGIN_UCZEN, HASLO_UCZEN, DATA_URODZENIA_UCZEN, ID_ADRES) VALUES (63, 'Florian', 'Lewandowski', '04322899610', 'kpiatek', 'haslo229', '2004-12-28', 58);
INSERT INTO UCZNIOWIE (ID_UCZEN, IMIE_UCZEN, NAZWISKO_UCZEN, PESEL_UCZEN, LOGIN_UCZEN, HASLO_UCZEN, DATA_URODZENIA_UCZEN, ID_ADRES) VALUES (64, 'Patrycja', 'Śliwińska', '01280336588', 'psliwinska', 'haslo2230', '2001-08-03', 60);
INSERT INTO UCZNIOWIE (ID_UCZEN, IMIE_UCZEN, NAZWISKO_UCZEN, PESEL_UCZEN, LOGIN_UCZEN, HASLO_UCZEN, DATA_URODZENIA_UCZEN, ID_ADRES) VALUES (65, 'Ewa', 'Śliwińska', '03320429173', 'esliwinska', 'haslo2230', '2003-12-04', 60);
INSERT INTO UCZNIOWIE (ID_UCZEN, IMIE_UCZEN, NAZWISKO_UCZEN, PESEL_UCZEN, LOGIN_UCZEN, HASLO_UCZEN, DATA_URODZENIA_UCZEN, ID_ADRES) VALUES (66, 'Natalia', 'Baranowska', '02241636987', 'nbaranowska', 'haslo2230', '2002-04-16', 57);
INSERT INTO UCZNIOWIE (ID_UCZEN, IMIE_UCZEN, NAZWISKO_UCZEN, PESEL_UCZEN, LOGIN_UCZEN, HASLO_UCZEN, DATA_URODZENIA_UCZEN, ID_ADRES) VALUES (67, 'Adrian', 'Frączczak', '10250632691', 'afracz12', 'hhhaslo3128128', '2010-06-12', 64);
INSERT INTO UCZNIOWIE (ID_UCZEN, IMIE_UCZEN, NAZWISKO_UCZEN, PESEL_UCZEN, LOGIN_UCZEN, HASLO_UCZEN, DATA_URODZENIA_UCZEN, ID_ADRES) VALUES (68, 'Tomasz', 'Nowak', '10251039746', 'tnowakkk', 'hhhaslo3128128', '2010-10-25', 60);
INSERT INTO UCZNIOWIE (ID_UCZEN, IMIE_UCZEN, NAZWISKO_UCZEN, PESEL_UCZEN, LOGIN_UCZEN, HASLO_UCZEN, DATA_URODZENIA_UCZEN, ID_ADRES) VALUES (69, 'Antonina', 'Trzmiel', '10250622743', 'AnTrzmiel', 'has239', '2010-06-30', 63);
INSERT INTO UCZNIOWIE (ID_UCZEN, IMIE_UCZEN, NAZWISKO_UCZEN, PESEL_UCZEN, LOGIN_UCZEN, HASLO_UCZEN, DATA_URODZENIA_UCZEN, ID_ADRES) VALUES (70, 'Zbigniew', 'Żaba', '10250398781', 'zaba23', 'haslohaslo23', '2010-03-02', 61);
INSERT INTO UCZNIOWIE (ID_UCZEN, IMIE_UCZEN, NAZWISKO_UCZEN, PESEL_UCZEN, LOGIN_UCZEN, HASLO_UCZEN, DATA_URODZENIA_UCZEN, ID_ADRES) VALUES (71, 'Damian', 'Drzewicki', '10250941292', 'damiandrzewicki2010', 'haslo31290812390', '2010-09-17', 62);
INSERT INTO UCZNIOWIE (ID_UCZEN, IMIE_UCZEN, NAZWISKO_UCZEN, PESEL_UCZEN, LOGIN_UCZEN, HASLO_UCZEN, DATA_URODZENIA_UCZEN, ID_ADRES) VALUES (72, 'Barbara', 'Kowalewska', '12250298721', 'basiakowalewska', 'haslo123382', '2012-02-13', 65);



--nauczyciele
INSERT INTO NAUCZYCIELE (ID_NAUCZYCIEL, IMIE_NAUCZYCIEL, NAZWISKO_NAUCZYCIEL, STOPIEN_NAUKOWY, LOGIN_NAUCZYCIEL, HASLO_NAUCZYCIEL, DATA_URODZENIA_NAUCZYCIEL, NR_TEL_NAUCZYCIEL, MAIL_NAUCZYCIEL) VALUES (1, 'Karol', 'Burak', 'dr', 'kburak', 'password1', '1980-01-01', '555-555-555', 'kburak@email.com');
INSERT INTO NAUCZYCIELE (ID_NAUCZYCIEL, IMIE_NAUCZYCIEL, NAZWISKO_NAUCZYCIEL, STOPIEN_NAUKOWY, LOGIN_NAUCZYCIEL, HASLO_NAUCZYCIEL, DATA_URODZENIA_NAUCZYCIEL, NR_TEL_NAUCZYCIEL, MAIL_NAUCZYCIEL) VALUES (2, 'Hiacynta', 'Robak', 'mgr', 'hrobak', 'password2', '1980-02-02', '555-555-556', 'hrobak@email.com');
INSERT INTO NAUCZYCIELE (ID_NAUCZYCIEL, IMIE_NAUCZYCIEL, NAZWISKO_NAUCZYCIEL, STOPIEN_NAUKOWY, LOGIN_NAUCZYCIEL, HASLO_NAUCZYCIEL, DATA_URODZENIA_NAUCZYCIEL, NR_TEL_NAUCZYCIEL, MAIL_NAUCZYCIEL) VALUES (3, 'Miłosz', 'Wiśniewski', 'prof', 'mwisniewski', 'password3', '1980-03-03', '555-555-557', 'mwisniewski@email.com');
INSERT INTO NAUCZYCIELE (ID_NAUCZYCIEL, IMIE_NAUCZYCIEL, NAZWISKO_NAUCZYCIEL, STOPIEN_NAUKOWY, LOGIN_NAUCZYCIEL, HASLO_NAUCZYCIEL, DATA_URODZENIA_NAUCZYCIEL, NR_TEL_NAUCZYCIEL, MAIL_NAUCZYCIEL) VALUES (4, 'Maria', 'Kowalczyk', 'dr', 'mkowalczyk', 'password4', '1980-04-04', '555-555-558', 'mkowalczyk@email.com');
INSERT INTO NAUCZYCIELE (ID_NAUCZYCIEL, IMIE_NAUCZYCIEL, NAZWISKO_NAUCZYCIEL, STOPIEN_NAUKOWY, LOGIN_NAUCZYCIEL, HASLO_NAUCZYCIEL, DATA_URODZENIA_NAUCZYCIEL, NR_TEL_NAUCZYCIEL, MAIL_NAUCZYCIEL) VALUES (5, 'Tomasz', 'Nowakowski', 'mgr', 'tnowakowski', 'password5', '1980-05-05', '555-555-559', 'tnowakowski@email.com');
INSERT INTO NAUCZYCIELE (ID_NAUCZYCIEL, IMIE_NAUCZYCIEL, NAZWISKO_NAUCZYCIEL, STOPIEN_NAUKOWY, LOGIN_NAUCZYCIEL, HASLO_NAUCZYCIEL, DATA_URODZENIA_NAUCZYCIEL, NR_TEL_NAUCZYCIEL, MAIL_NAUCZYCIEL) VALUES (6, 'Kornelia', 'Karczek', 'prof', 'kkarczek', 'password6', '1981-06-06', '555-555-560', 'kkarczek@email.com');
INSERT INTO NAUCZYCIELE (ID_NAUCZYCIEL, IMIE_NAUCZYCIEL, NAZWISKO_NAUCZYCIEL, STOPIEN_NAUKOWY, LOGIN_NAUCZYCIEL, HASLO_NAUCZYCIEL, DATA_URODZENIA_NAUCZYCIEL, NR_TEL_NAUCZYCIEL, MAIL_NAUCZYCIEL) VALUES (7, 'Artur', 'Polaczek', 'dr', 'apolaczek', 'password7', '1981-07-07', '555-555-561', 'apolaczek@email.com');
INSERT INTO NAUCZYCIELE (ID_NAUCZYCIEL, IMIE_NAUCZYCIEL, NAZWISKO_NAUCZYCIEL, STOPIEN_NAUKOWY, LOGIN_NAUCZYCIEL, HASLO_NAUCZYCIEL, DATA_URODZENIA_NAUCZYCIEL, NR_TEL_NAUCZYCIEL, MAIL_NAUCZYCIEL) VALUES (8, 'Ewa', 'Kalec', 'mgr', 'ekalec', 'password8', '1981-08-08', '555-555-562', 'ekalec@email.com');
INSERT INTO NAUCZYCIELE (ID_NAUCZYCIEL, IMIE_NAUCZYCIEL, NAZWISKO_NAUCZYCIEL, STOPIEN_NAUKOWY, LOGIN_NAUCZYCIEL, HASLO_NAUCZYCIEL, DATA_URODZENIA_NAUCZYCIEL, NR_TEL_NAUCZYCIEL, MAIL_NAUCZYCIEL) VALUES (9, 'Konrad', 'Kulman', 'prof', 'kkulman', 'password9', '1981-09-09', '555-555-563', 'kkulman@email.com');
INSERT INTO NAUCZYCIELE (ID_NAUCZYCIEL, IMIE_NAUCZYCIEL, NAZWISKO_NAUCZYCIEL, STOPIEN_NAUKOWY, LOGIN_NAUCZYCIEL, HASLO_NAUCZYCIEL, DATA_URODZENIA_NAUCZYCIEL, NR_TEL_NAUCZYCIEL, MAIL_NAUCZYCIEL) VALUES (10, 'Jadwiga', 'Leopold', 'dr', 'jleopold', 'password10', '1981-10-10', '555-555-564', 'jleopold@email.com');
INSERT INTO NAUCZYCIELE (ID_NAUCZYCIEL, IMIE_NAUCZYCIEL, NAZWISKO_NAUCZYCIEL, STOPIEN_NAUKOWY, LOGIN_NAUCZYCIEL, HASLO_NAUCZYCIEL, DATA_URODZENIA_NAUCZYCIEL, NR_TEL_NAUCZYCIEL, MAIL_NAUCZYCIEL) VALUES (11, 'Grzegorz', 'Kuczkowicz', 'mgr', 'gkuczkowicz', 'password11', '1982-11-11', '555-555-565', 'gkuczkowicz@email.com');
INSERT INTO NAUCZYCIELE (ID_NAUCZYCIEL, IMIE_NAUCZYCIEL, NAZWISKO_NAUCZYCIEL, STOPIEN_NAUKOWY, LOGIN_NAUCZYCIEL, HASLO_NAUCZYCIEL, DATA_URODZENIA_NAUCZYCIEL, NR_TEL_NAUCZYCIEL, MAIL_NAUCZYCIEL) VALUES (12, 'Tadeusz', 'Wilczek', 'prof', 'twilczek', 'password12', '1982-12-12', '555-555-566', 'twilczek@email.com');
INSERT INTO NAUCZYCIELE (ID_NAUCZYCIEL, IMIE_NAUCZYCIEL, NAZWISKO_NAUCZYCIEL, STOPIEN_NAUKOWY, LOGIN_NAUCZYCIEL, HASLO_NAUCZYCIEL, DATA_URODZENIA_NAUCZYCIEL, NR_TEL_NAUCZYCIEL, MAIL_NAUCZYCIEL) VALUES (13, 'Barbara', 'Kaszuba', 'dr', 'bkaszuba', 'password13', '1982-01-13', '555-555-567', 'bkaszuba@email.com');
INSERT INTO NAUCZYCIELE (ID_NAUCZYCIEL, IMIE_NAUCZYCIEL, NAZWISKO_NAUCZYCIEL, STOPIEN_NAUKOWY, LOGIN_NAUCZYCIEL, HASLO_NAUCZYCIEL, DATA_URODZENIA_NAUCZYCIEL, NR_TEL_NAUCZYCIEL, MAIL_NAUCZYCIEL) VALUES (14, 'Faustyna', 'Radzik', 'mgr', 'fradzik', 'password14', '1982-02-14', '555-555-568', 'fradzik@email.com');
INSERT INTO NAUCZYCIELE (ID_NAUCZYCIEL, IMIE_NAUCZYCIEL, NAZWISKO_NAUCZYCIEL, STOPIEN_NAUKOWY, LOGIN_NAUCZYCIEL, HASLO_NAUCZYCIEL, DATA_URODZENIA_NAUCZYCIEL, NR_TEL_NAUCZYCIEL, MAIL_NAUCZYCIEL) VALUES (15, 'Melania', 'Harmaj', 'dr', 'mharmaj', 'password15', '1982-03-15', '555-555-569', 'mharmaj@email.com');
INSERT INTO NAUCZYCIELE (ID_NAUCZYCIEL, IMIE_NAUCZYCIEL, NAZWISKO_NAUCZYCIEL, STOPIEN_NAUKOWY, LOGIN_NAUCZYCIEL, HASLO_NAUCZYCIEL, DATA_URODZENIA_NAUCZYCIEL, NR_TEL_NAUCZYCIEL, MAIL_NAUCZYCIEL) VALUES (16, 'Alicja', 'Kowal', 'mgr', 'akowal', 'password16', '1983-04-16', '555-555-570', 'akowal@email.com');
INSERT INTO NAUCZYCIELE (ID_NAUCZYCIEL, IMIE_NAUCZYCIEL, NAZWISKO_NAUCZYCIEL, STOPIEN_NAUKOWY, LOGIN_NAUCZYCIEL, HASLO_NAUCZYCIEL, DATA_URODZENIA_NAUCZYCIEL, NR_TEL_NAUCZYCIEL, MAIL_NAUCZYCIEL) VALUES (17, 'Edward', 'Mors', 'dr', 'emors', 'password17', '1983-05-17', '555-555-571', 'emors@email.com');
INSERT INTO NAUCZYCIELE (ID_NAUCZYCIEL, IMIE_NAUCZYCIEL, NAZWISKO_NAUCZYCIEL, STOPIEN_NAUKOWY, LOGIN_NAUCZYCIEL, HASLO_NAUCZYCIEL, DATA_URODZENIA_NAUCZYCIEL, NR_TEL_NAUCZYCIEL, MAIL_NAUCZYCIEL) VALUES (18, 'Ewelina', 'Spiszak', 'mgr', 'espiszak', 'password18', '1983-06-18', '555-555-572', 'espiszak@email.com');
INSERT INTO NAUCZYCIELE (ID_NAUCZYCIEL, IMIE_NAUCZYCIEL, NAZWISKO_NAUCZYCIEL, STOPIEN_NAUKOWY, LOGIN_NAUCZYCIEL, HASLO_NAUCZYCIEL, DATA_URODZENIA_NAUCZYCIEL, NR_TEL_NAUCZYCIEL, MAIL_NAUCZYCIEL) VALUES (19, 'Paulina', 'Tubka', 'dr', 'ptubka', 'password19', '1983-07-19', '555-555-573', 'ptubka@email.com');
INSERT INTO NAUCZYCIELE (ID_NAUCZYCIEL, IMIE_NAUCZYCIEL, NAZWISKO_NAUCZYCIEL, STOPIEN_NAUKOWY, LOGIN_NAUCZYCIEL, HASLO_NAUCZYCIEL, DATA_URODZENIA_NAUCZYCIEL, NR_TEL_NAUCZYCIEL, MAIL_NAUCZYCIEL) VALUES (20, 'Roksana', 'Styk', 'prof', 'rstyk', 'password20', '1983-08-20', '555-555-574', 'rstyk@email.com');

--rok szkolny
INSERT INTO ROK_SZKOLNY (ID_ROK_SZKOLNY, NAZWA_ROK_SZKOLNY, NUMER_SEMESTRU) VALUES (1, '2018/2019', 1);
INSERT INTO ROK_SZKOLNY (ID_ROK_SZKOLNY, NAZWA_ROK_SZKOLNY, NUMER_SEMESTRU) VALUES (2, '2018/2019', 2);
INSERT INTO ROK_SZKOLNY (ID_ROK_SZKOLNY, NAZWA_ROK_SZKOLNY, NUMER_SEMESTRU) VALUES (3, '2019/2020', 1);
INSERT INTO ROK_SZKOLNY (ID_ROK_SZKOLNY, NAZWA_ROK_SZKOLNY, NUMER_SEMESTRU) VALUES (4, '2019/2020', 2);
INSERT INTO ROK_SZKOLNY (ID_ROK_SZKOLNY, NAZWA_ROK_SZKOLNY, NUMER_SEMESTRU) VALUES (5, '2020/2021', 1);
INSERT INTO ROK_SZKOLNY (ID_ROK_SZKOLNY, NAZWA_ROK_SZKOLNY, NUMER_SEMESTRU) VALUES (6, '2020/2021', 2);
INSERT INTO ROK_SZKOLNY (ID_ROK_SZKOLNY, NAZWA_ROK_SZKOLNY, NUMER_SEMESTRU) VALUES (7, '2021/2022', 1);
INSERT INTO ROK_SZKOLNY (ID_ROK_SZKOLNY, NAZWA_ROK_SZKOLNY, NUMER_SEMESTRU) VALUES (8, '2021/2022', 2);
INSERT INTO ROK_SZKOLNY (ID_ROK_SZKOLNY, NAZWA_ROK_SZKOLNY, NUMER_SEMESTRU) VALUES (9, '2022/2023', 1);
INSERT INTO ROK_SZKOLNY (ID_ROK_SZKOLNY, NAZWA_ROK_SZKOLNY, NUMER_SEMESTRU) VALUES (10, '2022/2023', 2);

--klasy
--rocznik2018/2019 -2 semestry
INSERT INTO KLASY (ID_KLASA, NAZWA_KLASA, WYCHOWAWCA_KLASA, ROK_SZKOLNY) VALUES (1, '1A', 1, 1);
INSERT INTO KLASY (ID_KLASA, NAZWA_KLASA, WYCHOWAWCA_KLASA, ROK_SZKOLNY) VALUES (2, '2B', 2, 1);
INSERT INTO KLASY (ID_KLASA, NAZWA_KLASA, WYCHOWAWCA_KLASA, ROK_SZKOLNY) VALUES (3, '3C', 3, 1);

INSERT INTO KLASY (ID_KLASA, NAZWA_KLASA, WYCHOWAWCA_KLASA, ROK_SZKOLNY) VALUES (4, '1A', 1, 2);
INSERT INTO KLASY (ID_KLASA, NAZWA_KLASA, WYCHOWAWCA_KLASA, ROK_SZKOLNY) VALUES (5, '2B', 2, 2);
INSERT INTO KLASY (ID_KLASA, NAZWA_KLASA, WYCHOWAWCA_KLASA, ROK_SZKOLNY) VALUES (6, '3C', 3, 2);

--rocznik2019/2020 -2 semestry
INSERT INTO KLASY (ID_KLASA, NAZWA_KLASA, WYCHOWAWCA_KLASA, ROK_SZKOLNY) VALUES (7, '1A', 3, 3);
INSERT INTO KLASY (ID_KLASA, NAZWA_KLASA, WYCHOWAWCA_KLASA, ROK_SZKOLNY) VALUES (8, '2B', 1, 3);
INSERT INTO KLASY (ID_KLASA, NAZWA_KLASA, WYCHOWAWCA_KLASA, ROK_SZKOLNY) VALUES (9, '3C', 2, 3);

INSERT INTO KLASY (ID_KLASA, NAZWA_KLASA, WYCHOWAWCA_KLASA, ROK_SZKOLNY) VALUES (10, '1B', 3, 4);
INSERT INTO KLASY (ID_KLASA, NAZWA_KLASA, WYCHOWAWCA_KLASA, ROK_SZKOLNY) VALUES (11, '2C', 1, 4);
INSERT INTO KLASY (ID_KLASA, NAZWA_KLASA, WYCHOWAWCA_KLASA, ROK_SZKOLNY) VALUES (12, '3A', 2, 4);

--rocznik2020/2021 -2 semestry
INSERT INTO KLASY (ID_KLASA, NAZWA_KLASA, WYCHOWAWCA_KLASA, ROK_SZKOLNY) VALUES (13, '1B', 2, 5);
INSERT INTO KLASY (ID_KLASA, NAZWA_KLASA, WYCHOWAWCA_KLASA, ROK_SZKOLNY) VALUES (14, '2C', 3, 5);
INSERT INTO KLASY (ID_KLASA, NAZWA_KLASA, WYCHOWAWCA_KLASA, ROK_SZKOLNY) VALUES (15, '3A', 1, 5);

INSERT INTO KLASY (ID_KLASA, NAZWA_KLASA, WYCHOWAWCA_KLASA, ROK_SZKOLNY) VALUES (16, '1B', 2, 6);
INSERT INTO KLASY (ID_KLASA, NAZWA_KLASA, WYCHOWAWCA_KLASA, ROK_SZKOLNY) VALUES (17, '2C', 3, 6);
INSERT INTO KLASY (ID_KLASA, NAZWA_KLASA, WYCHOWAWCA_KLASA, ROK_SZKOLNY) VALUES (18, '3A', 1, 6);

--rocznik2021/2022 -2 semestry
INSERT INTO KLASY (ID_KLASA, NAZWA_KLASA, WYCHOWAWCA_KLASA, ROK_SZKOLNY) VALUES (19, '1C', 1, 7);
INSERT INTO KLASY (ID_KLASA, NAZWA_KLASA, WYCHOWAWCA_KLASA, ROK_SZKOLNY) VALUES (20, '2A', 2, 7);
INSERT INTO KLASY (ID_KLASA, NAZWA_KLASA, WYCHOWAWCA_KLASA, ROK_SZKOLNY) VALUES (21, '3B', 3, 7);

INSERT INTO KLASY (ID_KLASA, NAZWA_KLASA, WYCHOWAWCA_KLASA, ROK_SZKOLNY) VALUES (22, '1C', 1, 8);
INSERT INTO KLASY (ID_KLASA, NAZWA_KLASA, WYCHOWAWCA_KLASA, ROK_SZKOLNY) VALUES (23, '2A', 2, 8);
INSERT INTO KLASY (ID_KLASA, NAZWA_KLASA, WYCHOWAWCA_KLASA, ROK_SZKOLNY) VALUES (24, '3B', 3, 8);

--rocznik2022/2023 -2 semestry
INSERT INTO KLASY (ID_KLASA, NAZWA_KLASA, WYCHOWAWCA_KLASA, ROK_SZKOLNY) VALUES (25, '1C', 3, 9);
INSERT INTO KLASY (ID_KLASA, NAZWA_KLASA, WYCHOWAWCA_KLASA, ROK_SZKOLNY) VALUES (26, '2A', 1, 9);
INSERT INTO KLASY (ID_KLASA, NAZWA_KLASA, WYCHOWAWCA_KLASA, ROK_SZKOLNY) VALUES (27, '3B', 2, 9);

INSERT INTO KLASY (ID_KLASA, NAZWA_KLASA, WYCHOWAWCA_KLASA, ROK_SZKOLNY) VALUES (28, '1C', 3, 10);
INSERT INTO KLASY (ID_KLASA, NAZWA_KLASA, WYCHOWAWCA_KLASA, ROK_SZKOLNY) VALUES (29, '2A', 1, 10);
INSERT INTO KLASY (ID_KLASA, NAZWA_KLASA, WYCHOWAWCA_KLASA, ROK_SZKOLNY) VALUES (30, '3B', 2, 10);




--przedmioty
INSERT INTO PRZEDMIOTY (ID_PRZEDMIOT, NAZWA_PRZEDMIOT) VALUES (1, 'Matematyka');
INSERT INTO PRZEDMIOTY (ID_PRZEDMIOT, NAZWA_PRZEDMIOT) VALUES (2, 'Fizyka');
INSERT INTO PRZEDMIOTY (ID_PRZEDMIOT, NAZWA_PRZEDMIOT) VALUES (3, 'Chemia');
INSERT INTO PRZEDMIOTY (ID_PRZEDMIOT, NAZWA_PRZEDMIOT) VALUES (4, 'Biologia');
INSERT INTO PRZEDMIOTY (ID_PRZEDMIOT, NAZWA_PRZEDMIOT) VALUES (5, 'Geografia');
INSERT INTO PRZEDMIOTY (ID_PRZEDMIOT, NAZWA_PRZEDMIOT) VALUES (6, 'Historia');
INSERT INTO PRZEDMIOTY (ID_PRZEDMIOT, NAZWA_PRZEDMIOT) VALUES (7, 'Informatyka');
INSERT INTO PRZEDMIOTY (ID_PRZEDMIOT, NAZWA_PRZEDMIOT) VALUES (8, 'Wiedza o społeczeństwie');
INSERT INTO PRZEDMIOTY (ID_PRZEDMIOT, NAZWA_PRZEDMIOT) VALUES (9, 'Historia i społeczeństwo');
INSERT INTO PRZEDMIOTY (ID_PRZEDMIOT, NAZWA_PRZEDMIOT) VALUES (10, 'Ekonomia');
INSERT INTO PRZEDMIOTY (ID_PRZEDMIOT, NAZWA_PRZEDMIOT) VALUES (11, 'Wiedza o kulturze');
INSERT INTO PRZEDMIOTY (ID_PRZEDMIOT, NAZWA_PRZEDMIOT) VALUES (12, 'Religia');
INSERT INTO PRZEDMIOTY (ID_PRZEDMIOT, NAZWA_PRZEDMIOT) VALUES (13, 'Wychowanie fizyczna');
INSERT INTO PRZEDMIOTY (ID_PRZEDMIOT, NAZWA_PRZEDMIOT) VALUES (14, 'Muzyka');
INSERT INTO PRZEDMIOTY (ID_PRZEDMIOT, NAZWA_PRZEDMIOT) VALUES (15, 'Plastyka');
INSERT INTO PRZEDMIOTY (ID_PRZEDMIOT, NAZWA_PRZEDMIOT) VALUES (16, 'Technika');
INSERT INTO PRZEDMIOTY (ID_PRZEDMIOT, NAZWA_PRZEDMIOT) VALUES (17, 'Język polski');
INSERT INTO PRZEDMIOTY (ID_PRZEDMIOT, NAZWA_PRZEDMIOT) VALUES (18, 'Język angielski');
INSERT INTO PRZEDMIOTY (ID_PRZEDMIOT, NAZWA_PRZEDMIOT) VALUES (19, 'Język włoski');
INSERT INTO PRZEDMIOTY (ID_PRZEDMIOT, NAZWA_PRZEDMIOT) VALUES (20, 'Język niemiecki');
INSERT INTO PRZEDMIOTY (ID_PRZEDMIOT, NAZWA_PRZEDMIOT) VALUES (21, 'Język francuski');
INSERT INTO PRZEDMIOTY (ID_PRZEDMIOT, NAZWA_PRZEDMIOT) VALUES (22, 'Język hiszpański');

--sale
INSERT INTO SALE (ID_SALA, NAZWA_SALA, NR_SALA, POJEMNOSC_SALA, PIETRO_SALA, SALA_KOMPUTEROWA, STANOWISKA_KOMPUTEROWE, OPIEKUN_SALI) VALUES (1, 'Sala 1', '101', 50, 1, 'tak', 20, 1);
INSERT INTO SALE (ID_SALA, NAZWA_SALA, NR_SALA, POJEMNOSC_SALA, PIETRO_SALA, SALA_KOMPUTEROWA, STANOWISKA_KOMPUTEROWE, OPIEKUN_SALI) VALUES (2, 'Sala 2', '102', 40, 1, 'tak', 15, 2);
INSERT INTO SALE (ID_SALA, NAZWA_SALA, NR_SALA, POJEMNOSC_SALA, PIETRO_SALA, SALA_KOMPUTEROWA, STANOWISKA_KOMPUTEROWE, OPIEKUN_SALI) VALUES (3, 'Sala 3', '103', 30, 2, 'nie', 0, 3);
INSERT INTO SALE (ID_SALA, NAZWA_SALA, NR_SALA, POJEMNOSC_SALA, PIETRO_SALA, SALA_KOMPUTEROWA, STANOWISKA_KOMPUTEROWE, OPIEKUN_SALI) VALUES (4, 'Sala 4', '104', 25, 2, 'nie', 0, 4);
INSERT INTO SALE (ID_SALA, NAZWA_SALA, NR_SALA, POJEMNOSC_SALA, PIETRO_SALA, SALA_KOMPUTEROWA, STANOWISKA_KOMPUTEROWE, OPIEKUN_SALI) VALUES (5, 'Sala 5', '105', 20, 3, 'tak', 10, 5);
INSERT INTO SALE (ID_SALA, NAZWA_SALA, NR_SALA, POJEMNOSC_SALA, PIETRO_SALA, SALA_KOMPUTEROWA, STANOWISKA_KOMPUTEROWE, OPIEKUN_SALI) VALUES (6, 'Sala 6', '106', 15, 3, 'nie', 0, 6);
INSERT INTO SALE (ID_SALA, NAZWA_SALA, NR_SALA, POJEMNOSC_SALA, PIETRO_SALA, SALA_KOMPUTEROWA, STANOWISKA_KOMPUTEROWE, OPIEKUN_SALI) VALUES (7, 'Sala 7', '107', 10, 4, 'tak', 5, 7);
INSERT INTO SALE (ID_SALA, NAZWA_SALA, NR_SALA, POJEMNOSC_SALA, PIETRO_SALA, SALA_KOMPUTEROWA, STANOWISKA_KOMPUTEROWE, OPIEKUN_SALI) VALUES (8, 'Sala 8', '108', 20, 4, 'nie', 0, 8);
INSERT INTO SALE (ID_SALA, NAZWA_SALA, NR_SALA, POJEMNOSC_SALA, PIETRO_SALA, SALA_KOMPUTEROWA, STANOWISKA_KOMPUTEROWE, OPIEKUN_SALI) VALUES (9, 'Sala 9', '109', 30, 5, 'tak', 15, 9);
INSERT INTO SALE (ID_SALA, NAZWA_SALA, NR_SALA, POJEMNOSC_SALA, PIETRO_SALA, SALA_KOMPUTEROWA, STANOWISKA_KOMPUTEROWE, OPIEKUN_SALI) VALUES (10, 'Sala 10', '110', 40, 5, 'nie', 0, 10);
INSERT INTO SALE (ID_SALA, NAZWA_SALA, NR_SALA, POJEMNOSC_SALA, PIETRO_SALA, SALA_KOMPUTEROWA, STANOWISKA_KOMPUTEROWE, OPIEKUN_SALI) VALUES (11, 'Sala 11', '111', 30, 5, 'nie', 0, 11);
INSERT INTO SALE (ID_SALA, NAZWA_SALA, NR_SALA, POJEMNOSC_SALA, PIETRO_SALA, SALA_KOMPUTEROWA, STANOWISKA_KOMPUTEROWE, OPIEKUN_SALI) VALUES (12, 'Sala 12', '112', 25, 5, 'tak', 25, 12);


--nauczyciel przedmiot klasa
INSERT INTO naucz_przedm_klasa(ID_NAUCZ_PRZEDM_KLASA, ID_NAUCZYCIEL, ID_PRZEDMIOT, ID_KLASA) VALUES(1,1,1,1);
INSERT INTO naucz_przedm_klasa(ID_NAUCZ_PRZEDM_KLASA, ID_NAUCZYCIEL, ID_PRZEDMIOT, ID_KLASA) VALUES(2,2,2,2);
INSERT INTO naucz_przedm_klasa(ID_NAUCZ_PRZEDM_KLASA, ID_NAUCZYCIEL, ID_PRZEDMIOT, ID_KLASA) VALUES(3,3,3,3);
INSERT INTO naucz_przedm_klasa(ID_NAUCZ_PRZEDM_KLASA, ID_NAUCZYCIEL, ID_PRZEDMIOT, ID_KLASA) VALUES(4,4,4,4);
INSERT INTO naucz_przedm_klasa(ID_NAUCZ_PRZEDM_KLASA, ID_NAUCZYCIEL, ID_PRZEDMIOT, ID_KLASA) VALUES(5,5,5,5);
INSERT INTO naucz_przedm_klasa(ID_NAUCZ_PRZEDM_KLASA, ID_NAUCZYCIEL, ID_PRZEDMIOT, ID_KLASA) VALUES(6,6,6,6);
INSERT INTO naucz_przedm_klasa(ID_NAUCZ_PRZEDM_KLASA, ID_NAUCZYCIEL, ID_PRZEDMIOT, ID_KLASA) VALUES(7,7,7,7);
INSERT INTO naucz_przedm_klasa(ID_NAUCZ_PRZEDM_KLASA, ID_NAUCZYCIEL, ID_PRZEDMIOT, ID_KLASA) VALUES(8,8,8,8);
INSERT INTO naucz_przedm_klasa(ID_NAUCZ_PRZEDM_KLASA, ID_NAUCZYCIEL, ID_PRZEDMIOT, ID_KLASA) VALUES(9,9,9,9);
INSERT INTO naucz_przedm_klasa(ID_NAUCZ_PRZEDM_KLASA, ID_NAUCZYCIEL, ID_PRZEDMIOT, ID_KLASA) VALUES(10,10,10,10);
INSERT INTO naucz_przedm_klasa(ID_NAUCZ_PRZEDM_KLASA, ID_NAUCZYCIEL, ID_PRZEDMIOT, ID_KLASA) VALUES(11,11,11,11);
INSERT INTO naucz_przedm_klasa(ID_NAUCZ_PRZEDM_KLASA, ID_NAUCZYCIEL, ID_PRZEDMIOT, ID_KLASA) VALUES(12,12,12,12);
INSERT INTO naucz_przedm_klasa(ID_NAUCZ_PRZEDM_KLASA, ID_NAUCZYCIEL, ID_PRZEDMIOT, ID_KLASA) VALUES(13,13,13,13);
INSERT INTO naucz_przedm_klasa(ID_NAUCZ_PRZEDM_KLASA, ID_NAUCZYCIEL, ID_PRZEDMIOT, ID_KLASA) VALUES(14,14,14,14);
INSERT INTO naucz_przedm_klasa(ID_NAUCZ_PRZEDM_KLASA, ID_NAUCZYCIEL, ID_PRZEDMIOT, ID_KLASA) VALUES(15,15,15,15);
INSERT INTO naucz_przedm_klasa(ID_NAUCZ_PRZEDM_KLASA, ID_NAUCZYCIEL, ID_PRZEDMIOT, ID_KLASA) VALUES(16,16,16,16);
INSERT INTO naucz_przedm_klasa(ID_NAUCZ_PRZEDM_KLASA, ID_NAUCZYCIEL, ID_PRZEDMIOT, ID_KLASA) VALUES(17,17,17,17);
INSERT INTO naucz_przedm_klasa(ID_NAUCZ_PRZEDM_KLASA, ID_NAUCZYCIEL, ID_PRZEDMIOT, ID_KLASA) VALUES(18,18,18,18);
INSERT INTO naucz_przedm_klasa(ID_NAUCZ_PRZEDM_KLASA, ID_NAUCZYCIEL, ID_PRZEDMIOT, ID_KLASA) VALUES(19,19,19,19);
INSERT INTO naucz_przedm_klasa(ID_NAUCZ_PRZEDM_KLASA, ID_NAUCZYCIEL, ID_PRZEDMIOT, ID_KLASA) VALUES(20,20,20,20);
INSERT INTO naucz_przedm_klasa(ID_NAUCZ_PRZEDM_KLASA, ID_NAUCZYCIEL, ID_PRZEDMIOT, ID_KLASA) VALUES(21,1,21,21);
INSERT INTO naucz_przedm_klasa(ID_NAUCZ_PRZEDM_KLASA, ID_NAUCZYCIEL, ID_PRZEDMIOT, ID_KLASA) VALUES(22,2,22,22);
INSERT INTO naucz_przedm_klasa(ID_NAUCZ_PRZEDM_KLASA, ID_NAUCZYCIEL, ID_PRZEDMIOT, ID_KLASA) VALUES(23,3,1,23);
INSERT INTO naucz_przedm_klasa(ID_NAUCZ_PRZEDM_KLASA, ID_NAUCZYCIEL, ID_PRZEDMIOT, ID_KLASA) VALUES(24,4,2,24);
INSERT INTO naucz_przedm_klasa(ID_NAUCZ_PRZEDM_KLASA, ID_NAUCZYCIEL, ID_PRZEDMIOT, ID_KLASA) VALUES(25,5,3,25);
INSERT INTO naucz_przedm_klasa(ID_NAUCZ_PRZEDM_KLASA, ID_NAUCZYCIEL, ID_PRZEDMIOT, ID_KLASA) VALUES(26,6,4,26);
INSERT INTO naucz_przedm_klasa(ID_NAUCZ_PRZEDM_KLASA, ID_NAUCZYCIEL, ID_PRZEDMIOT, ID_KLASA) VALUES(27,7,5,27);
INSERT INTO naucz_przedm_klasa(ID_NAUCZ_PRZEDM_KLASA, ID_NAUCZYCIEL, ID_PRZEDMIOT, ID_KLASA) VALUES(28,8,6,28);
INSERT INTO naucz_przedm_klasa(ID_NAUCZ_PRZEDM_KLASA, ID_NAUCZYCIEL, ID_PRZEDMIOT, ID_KLASA) VALUES(29,9,7,29);
INSERT INTO naucz_przedm_klasa(ID_NAUCZ_PRZEDM_KLASA, ID_NAUCZYCIEL, ID_PRZEDMIOT, ID_KLASA) VALUES(30,10,8,30);
INSERT INTO naucz_przedm_klasa(ID_NAUCZ_PRZEDM_KLASA, ID_NAUCZYCIEL, ID_PRZEDMIOT, ID_KLASA) VALUES(31,11,9,1);
INSERT INTO naucz_przedm_klasa(ID_NAUCZ_PRZEDM_KLASA, ID_NAUCZYCIEL, ID_PRZEDMIOT, ID_KLASA) VALUES(32,12,10,2);
INSERT INTO naucz_przedm_klasa(ID_NAUCZ_PRZEDM_KLASA, ID_NAUCZYCIEL, ID_PRZEDMIOT, ID_KLASA) VALUES(33,13,11,2);
INSERT INTO naucz_przedm_klasa(ID_NAUCZ_PRZEDM_KLASA, ID_NAUCZYCIEL, ID_PRZEDMIOT, ID_KLASA) VALUES(34,14,12,3);
INSERT INTO naucz_przedm_klasa(ID_NAUCZ_PRZEDM_KLASA, ID_NAUCZYCIEL, ID_PRZEDMIOT, ID_KLASA) VALUES(35,15,13,4);
INSERT INTO naucz_przedm_klasa(ID_NAUCZ_PRZEDM_KLASA, ID_NAUCZYCIEL, ID_PRZEDMIOT, ID_KLASA) VALUES(36,16,14,5);
INSERT INTO naucz_przedm_klasa(ID_NAUCZ_PRZEDM_KLASA, ID_NAUCZYCIEL, ID_PRZEDMIOT, ID_KLASA) VALUES(37,17,15,6);
INSERT INTO naucz_przedm_klasa(ID_NAUCZ_PRZEDM_KLASA, ID_NAUCZYCIEL, ID_PRZEDMIOT, ID_KLASA) VALUES(38,18,16,7);
INSERT INTO naucz_przedm_klasa(ID_NAUCZ_PRZEDM_KLASA, ID_NAUCZYCIEL, ID_PRZEDMIOT, ID_KLASA) VALUES(39,19,17,8);
INSERT INTO naucz_przedm_klasa(ID_NAUCZ_PRZEDM_KLASA, ID_NAUCZYCIEL, ID_PRZEDMIOT, ID_KLASA) VALUES(40,20,18,9);



--lekcje
INSERT INTO LEKCJE(ID_LEKCJA, TEMAT_LEKCJA, DZIEN_TYGODNIA, GODZINA_LEKCJA, CZAS_TRWANIA, ID_NAUCZ_PRZEDM_KLASA)
VALUES(1, null,'PONIEDZIAŁEK','7:30', 45, 1);
INSERT INTO LEKCJE(ID_LEKCJA, TEMAT_LEKCJA, DZIEN_TYGODNIA, GODZINA_LEKCJA, CZAS_TRWANIA, ID_NAUCZ_PRZEDM_KLASA)
VALUES(2,'Omówienie sprawdzianu','PONIEDZIAŁEK','8:25', 45, 2);
INSERT INTO LEKCJE(ID_LEKCJA, TEMAT_LEKCJA, DZIEN_TYGODNIA, GODZINA_LEKCJA, CZAS_TRWANIA, ID_NAUCZ_PRZEDM_KLASA)
VALUES(3,'Jak powstaje mydło? Chemiczna budowa mydła','PONIEDZIAŁEK','7:30','45', 3);
INSERT INTO LEKCJE(ID_LEKCJA, TEMAT_LEKCJA, DZIEN_TYGODNIA, GODZINA_LEKCJA, CZAS_TRWANIA, ID_NAUCZ_PRZEDM_KLASA)
VALUES(4,'Wprowadzenie do anatomii człowieka','PONIEDZIAŁEK','8:25',45, 4);
INSERT INTO LEKCJE(ID_LEKCJA, TEMAT_LEKCJA, DZIEN_TYGODNIA, GODZINA_LEKCJA, CZAS_TRWANIA, ID_NAUCZ_PRZEDM_KLASA)
VALUES(5,'Współrzędne geograficzne','PONIEDZIAŁEK','9:20',45, 5);
INSERT INTO LEKCJE(ID_LEKCJA, TEMAT_LEKCJA, DZIEN_TYGODNIA, GODZINA_LEKCJA, CZAS_TRWANIA, ID_NAUCZ_PRZEDM_KLASA)
VALUES(6,'II wojna światowa w oczach Polski','WTOREK','10:15',90, 6);
INSERT INTO LEKCJE(ID_LEKCJA, TEMAT_LEKCJA, DZIEN_TYGODNIA, GODZINA_LEKCJA, CZAS_TRWANIA, ID_NAUCZ_PRZEDM_KLASA)
VALUES(7,'Podstawy obsługi microsoft excel','WTOREK','14:55',45, 7);
INSERT INTO LEKCJE(ID_LEKCJA, TEMAT_LEKCJA, DZIEN_TYGODNIA, GODZINA_LEKCJA, CZAS_TRWANIA, ID_NAUCZ_PRZEDM_KLASA)
VALUES(8,'Podstawy podatkowe','WTOREK','11:15',45, 8);
INSERT INTO LEKCJE(ID_LEKCJA, TEMAT_LEKCJA, DZIEN_TYGODNIA, GODZINA_LEKCJA, CZAS_TRWANIA, ID_NAUCZ_PRZEDM_KLASA)
VALUES(9,'Lata 80 w kulturze','WTOREK','10:15',90, 9);
INSERT INTO LEKCJE(ID_LEKCJA, TEMAT_LEKCJA, DZIEN_TYGODNIA, GODZINA_LEKCJA, CZAS_TRWANIA, ID_NAUCZ_PRZEDM_KLASA)
VALUES(10,'Wykorzystanie matematyki w ekonomii','WTOREK','9:20',90, 10);
INSERT INTO LEKCJE(ID_LEKCJA, TEMAT_LEKCJA, DZIEN_TYGODNIA, GODZINA_LEKCJA, CZAS_TRWANIA, ID_NAUCZ_PRZEDM_KLASA)
VALUES(11,'Interpretacja obrazów - porusz wyobraźnię!','ŚRODA','7:30',45, 11);
INSERT INTO LEKCJE(ID_LEKCJA, TEMAT_LEKCJA, DZIEN_TYGODNIA, GODZINA_LEKCJA, CZAS_TRWANIA, ID_NAUCZ_PRZEDM_KLASA)
VALUES(12,'Jakie religie znamy?','ŚRODA','12:10',45, 12);
INSERT INTO LEKCJE(ID_LEKCJA, TEMAT_LEKCJA, DZIEN_TYGODNIA, GODZINA_LEKCJA, CZAS_TRWANIA, ID_NAUCZ_PRZEDM_KLASA)
VALUES(13,null,'ŚRODA','8:25',45, 13);
INSERT INTO LEKCJE(ID_LEKCJA, TEMAT_LEKCJA, DZIEN_TYGODNIA, GODZINA_LEKCJA, CZAS_TRWANIA, ID_NAUCZ_PRZEDM_KLASA)
VALUES(14,'Nauka nut i pisania w pięciolinii.','ŚRODA','9:20',90, 14);
INSERT INTO LEKCJE(ID_LEKCJA, TEMAT_LEKCJA, DZIEN_TYGODNIA, GODZINA_LEKCJA, CZAS_TRWANIA, ID_NAUCZ_PRZEDM_KLASA)
VALUES(15,'Mieszanie kolorów - nauka palety','ŚRODA','14:55',45, 15);
INSERT INTO LEKCJE(ID_LEKCJA, TEMAT_LEKCJA, DZIEN_TYGODNIA, GODZINA_LEKCJA, CZAS_TRWANIA, ID_NAUCZ_PRZEDM_KLASA)
VALUES(16,'Pismo techniczne cz.1.','ŚRODA','12:10',45, 16);
INSERT INTO LEKCJE(ID_LEKCJA, TEMAT_LEKCJA, DZIEN_TYGODNIA, GODZINA_LEKCJA, CZAS_TRWANIA, ID_NAUCZ_PRZEDM_KLASA)
VALUES(17,'Romantyzm w Polsce.','CZWARTEK','8:25',45, 17);
INSERT INTO LEKCJE(ID_LEKCJA, TEMAT_LEKCJA, DZIEN_TYGODNIA, GODZINA_LEKCJA, CZAS_TRWANIA, ID_NAUCZ_PRZEDM_KLASA)
VALUES(18,'Present Simple - introducion','CZWARTEK','7:30',45, 18);
INSERT INTO LEKCJE(ID_LEKCJA, TEMAT_LEKCJA, DZIEN_TYGODNIA, GODZINA_LEKCJA, CZAS_TRWANIA, ID_NAUCZ_PRZEDM_KLASA)
VALUES(19,'Śpiewanie kolęd po włosku','CZWARTEK','11:15',45, 19);
INSERT INTO LEKCJE(ID_LEKCJA, TEMAT_LEKCJA, DZIEN_TYGODNIA, GODZINA_LEKCJA, CZAS_TRWANIA, ID_NAUCZ_PRZEDM_KLASA)
VALUES(20,'Wo wohnst du?','CZWARTEK','9:20',90, 20);
INSERT INTO LEKCJE(ID_LEKCJA, TEMAT_LEKCJA, DZIEN_TYGODNIA, GODZINA_LEKCJA, CZAS_TRWANIA, ID_NAUCZ_PRZEDM_KLASA)
VALUES(21,null,'CZWARTEK','7:30',45, 21);
INSERT INTO LEKCJE(ID_LEKCJA, TEMAT_LEKCJA, DZIEN_TYGODNIA, GODZINA_LEKCJA, CZAS_TRWANIA, ID_NAUCZ_PRZEDM_KLASA)
VALUES(22,'Que?','CZWARTEK','13:05',45, 22);
INSERT INTO LEKCJE(ID_LEKCJA, TEMAT_LEKCJA, DZIEN_TYGODNIA, GODZINA_LEKCJA, CZAS_TRWANIA, ID_NAUCZ_PRZEDM_KLASA)
VALUES(23,'Nauka pisania rozprawki','PIĄTEK','7:30',45, 17);
INSERT INTO LEKCJE(ID_LEKCJA, TEMAT_LEKCJA, DZIEN_TYGODNIA, GODZINA_LEKCJA, CZAS_TRWANIA, ID_NAUCZ_PRZEDM_KLASA)
VALUES(24,'Human body','PIĄTEK','8:25',45, 18);
INSERT INTO LEKCJE(ID_LEKCJA, TEMAT_LEKCJA, DZIEN_TYGODNIA, GODZINA_LEKCJA, CZAS_TRWANIA, ID_NAUCZ_PRZEDM_KLASA)
VALUES(25,null,'PIĄTEK','14:55',45, 19);
INSERT INTO LEKCJE(ID_LEKCJA, TEMAT_LEKCJA, DZIEN_TYGODNIA, GODZINA_LEKCJA, CZAS_TRWANIA, ID_NAUCZ_PRZEDM_KLASA)
VALUES(26,null,'PIĄTEK','12:10',45, 20);
INSERT INTO LEKCJE(ID_LEKCJA, TEMAT_LEKCJA, DZIEN_TYGODNIA, GODZINA_LEKCJA, CZAS_TRWANIA, ID_NAUCZ_PRZEDM_KLASA)
VALUES(27,'Lekcja organizacyjna','PIĄTEK','9:20',45, 21);
INSERT INTO LEKCJE(ID_LEKCJA, TEMAT_LEKCJA, DZIEN_TYGODNIA, GODZINA_LEKCJA, CZAS_TRWANIA, ID_NAUCZ_PRZEDM_KLASA)
VALUES(28,'Omówienie wyników testu','PIĄTEK','13:05',45, 22);
INSERT INTO LEKCJE(ID_LEKCJA, TEMAT_LEKCJA, DZIEN_TYGODNIA, GODZINA_LEKCJA, CZAS_TRWANIA, ID_NAUCZ_PRZEDM_KLASA)
VALUES(29,'Lekcja organizacyjna','PONIEDZIAŁEK','14:00',45, 23);
INSERT INTO LEKCJE(ID_LEKCJA, TEMAT_LEKCJA, DZIEN_TYGODNIA, GODZINA_LEKCJA, CZAS_TRWANIA, ID_NAUCZ_PRZEDM_KLASA)
VALUES(30,'Powtórzenie wiadomości','PONIEDZIAŁEK','8:25',45, 24);
INSERT INTO LEKCJE(ID_LEKCJA, TEMAT_LEKCJA, DZIEN_TYGODNIA, GODZINA_LEKCJA, CZAS_TRWANIA, ID_NAUCZ_PRZEDM_KLASA)
VALUES(31,'Powtórzenie wiadomości','PONIEDZIAŁEK','13:05',90, 25);
INSERT INTO LEKCJE(ID_LEKCJA, TEMAT_LEKCJA, DZIEN_TYGODNIA, GODZINA_LEKCJA, CZAS_TRWANIA, ID_NAUCZ_PRZEDM_KLASA)
VALUES(32,'Powtórzenie wiadomości','PONIEDZIAŁEK','7:30',45, 26);
INSERT INTO LEKCJE(ID_LEKCJA, TEMAT_LEKCJA, DZIEN_TYGODNIA, GODZINA_LEKCJA, CZAS_TRWANIA, ID_NAUCZ_PRZEDM_KLASA)
VALUES(33,'Lekcja organizacyjna','PONIEDZIAŁEK','8:25',45, 27);
INSERT INTO LEKCJE(ID_LEKCJA, TEMAT_LEKCJA, DZIEN_TYGODNIA, GODZINA_LEKCJA, CZAS_TRWANIA, ID_NAUCZ_PRZEDM_KLASA)
VALUES(34,'Omówienie wyników testu','WTOREK','10:15',45, 28);
INSERT INTO LEKCJE(ID_LEKCJA, TEMAT_LEKCJA, DZIEN_TYGODNIA, GODZINA_LEKCJA, CZAS_TRWANIA, ID_NAUCZ_PRZEDM_KLASA)
VALUES(35,null,'WTOREK','8:25',90, 29);
INSERT INTO LEKCJE(ID_LEKCJA, TEMAT_LEKCJA, DZIEN_TYGODNIA, GODZINA_LEKCJA, CZAS_TRWANIA, ID_NAUCZ_PRZEDM_KLASA)
VALUES(36,null,'WTOREK','9:20',45, 30);
INSERT INTO LEKCJE(ID_LEKCJA, TEMAT_LEKCJA, DZIEN_TYGODNIA, GODZINA_LEKCJA, CZAS_TRWANIA, ID_NAUCZ_PRZEDM_KLASA)
VALUES(37,'Lekcja organizacyjna','WTOREK','11:15',45, 31);
INSERT INTO LEKCJE(ID_LEKCJA, TEMAT_LEKCJA, DZIEN_TYGODNIA, GODZINA_LEKCJA, CZAS_TRWANIA, ID_NAUCZ_PRZEDM_KLASA)
VALUES(38,'Powtórzenie wiadomości','ŚRODA','14:00',90, 32);
INSERT INTO LEKCJE(ID_LEKCJA, TEMAT_LEKCJA, DZIEN_TYGODNIA, GODZINA_LEKCJA, CZAS_TRWANIA, ID_NAUCZ_PRZEDM_KLASA)
VALUES(39,null,'ŚRODA','13:05',45, 33);
INSERT INTO LEKCJE(ID_LEKCJA, TEMAT_LEKCJA, DZIEN_TYGODNIA, GODZINA_LEKCJA, CZAS_TRWANIA, ID_NAUCZ_PRZEDM_KLASA)
VALUES(40,null,'ŚRODA','10:15',45, 34);
INSERT INTO LEKCJE(ID_LEKCJA, TEMAT_LEKCJA, DZIEN_TYGODNIA, GODZINA_LEKCJA, CZAS_TRWANIA, ID_NAUCZ_PRZEDM_KLASA)
VALUES(41,'','ŚRODA','8:25',45, 35);
INSERT INTO LEKCJE(ID_LEKCJA, TEMAT_LEKCJA, DZIEN_TYGODNIA, GODZINA_LEKCJA, CZAS_TRWANIA, ID_NAUCZ_PRZEDM_KLASA)
VALUES(42,'Lekcja organizacyjna','CZWARTEK','12:10',45, 36);
INSERT INTO LEKCJE(ID_LEKCJA, TEMAT_LEKCJA, DZIEN_TYGODNIA, GODZINA_LEKCJA, CZAS_TRWANIA, ID_NAUCZ_PRZEDM_KLASA)
VALUES(43,'Omówienie wyników testu','CZWARTEK','7:30',45, 37);
INSERT INTO LEKCJE(ID_LEKCJA, TEMAT_LEKCJA, DZIEN_TYGODNIA, GODZINA_LEKCJA, CZAS_TRWANIA, ID_NAUCZ_PRZEDM_KLASA)
VALUES(44,null,'PIĄTEK','9:20',45, 38);
INSERT INTO LEKCJE(ID_LEKCJA, TEMAT_LEKCJA, DZIEN_TYGODNIA, GODZINA_LEKCJA, CZAS_TRWANIA, ID_NAUCZ_PRZEDM_KLASA)
VALUES(45,'Powtórzenie wiadomości','PIĄTEK','13:05',45, 39);
INSERT INTO LEKCJE(ID_LEKCJA, TEMAT_LEKCJA, DZIEN_TYGODNIA, GODZINA_LEKCJA, CZAS_TRWANIA, ID_NAUCZ_PRZEDM_KLASA)
VALUES(46,'Powtórzenie wiadomości','PIĄTEK','10:15',45, 40);
INSERT INTO LEKCJE(ID_LEKCJA, TEMAT_LEKCJA, DZIEN_TYGODNIA, GODZINA_LEKCJA, CZAS_TRWANIA, ID_NAUCZ_PRZEDM_KLASA)
VALUES(47,'Lekcja organizacyjna','ŚRODA','8:25',45, 7);
INSERT INTO LEKCJE(ID_LEKCJA, TEMAT_LEKCJA, DZIEN_TYGODNIA, GODZINA_LEKCJA, CZAS_TRWANIA, ID_NAUCZ_PRZEDM_KLASA)
VALUES(48,'Omówienie wyników testu','PIĄTEK','14:55',45, 8);
INSERT INTO LEKCJE(ID_LEKCJA, TEMAT_LEKCJA, DZIEN_TYGODNIA, GODZINA_LEKCJA, CZAS_TRWANIA, ID_NAUCZ_PRZEDM_KLASA)
VALUES(49,'Lekcja organizacyjna','ŚRODA','11:15',45, 9);
INSERT INTO LEKCJE(ID_LEKCJA, TEMAT_LEKCJA, DZIEN_TYGODNIA, GODZINA_LEKCJA, CZAS_TRWANIA, ID_NAUCZ_PRZEDM_KLASA)
VALUES(50,null,'CZWARTEK','8:25',45, 13);







--sala lekcja
INSERT INTO SALA_LEKCJA(ID_SALA_LEKCJA, ID_LEKCJA, ID_SALA) VALUES(1,1,1);
INSERT INTO SALA_LEKCJA(ID_SALA_LEKCJA, ID_LEKCJA, ID_SALA) VALUES(2,2,2);
INSERT INTO SALA_LEKCJA(ID_SALA_LEKCJA, ID_LEKCJA, ID_SALA) VALUES(3,3,3);
INSERT INTO SALA_LEKCJA(ID_SALA_LEKCJA, ID_LEKCJA, ID_SALA) VALUES(4,4,4);
INSERT INTO SALA_LEKCJA(ID_SALA_LEKCJA, ID_LEKCJA, ID_SALA) VALUES(5,5,5);
INSERT INTO SALA_LEKCJA(ID_SALA_LEKCJA, ID_LEKCJA, ID_SALA) VALUES(6,6,6);
INSERT INTO SALA_LEKCJA(ID_SALA_LEKCJA, ID_LEKCJA, ID_SALA) VALUES(7,7,7);
INSERT INTO SALA_LEKCJA(ID_SALA_LEKCJA, ID_LEKCJA, ID_SALA) VALUES(8,8,8);
INSERT INTO SALA_LEKCJA(ID_SALA_LEKCJA, ID_LEKCJA, ID_SALA) VALUES(9,9,9);
INSERT INTO SALA_LEKCJA(ID_SALA_LEKCJA, ID_LEKCJA, ID_SALA) VALUES(10,10,10);
INSERT INTO SALA_LEKCJA(ID_SALA_LEKCJA, ID_LEKCJA, ID_SALA) VALUES(11,11,11);
INSERT INTO SALA_LEKCJA(ID_SALA_LEKCJA, ID_LEKCJA, ID_SALA) VALUES(12,12,12);
INSERT INTO SALA_LEKCJA(ID_SALA_LEKCJA, ID_LEKCJA, ID_SALA) VALUES(13,13,1);
INSERT INTO SALA_LEKCJA(ID_SALA_LEKCJA, ID_LEKCJA, ID_SALA) VALUES(14,14,2);
INSERT INTO SALA_LEKCJA(ID_SALA_LEKCJA, ID_LEKCJA, ID_SALA) VALUES(15,15,3);
INSERT INTO SALA_LEKCJA(ID_SALA_LEKCJA, ID_LEKCJA, ID_SALA) VALUES(16,16,4);
INSERT INTO SALA_LEKCJA(ID_SALA_LEKCJA, ID_LEKCJA, ID_SALA) VALUES(17,17,5);
INSERT INTO SALA_LEKCJA(ID_SALA_LEKCJA, ID_LEKCJA, ID_SALA) VALUES(18,18,6);
INSERT INTO SALA_LEKCJA(ID_SALA_LEKCJA, ID_LEKCJA, ID_SALA) VALUES(19,19,7);
INSERT INTO SALA_LEKCJA(ID_SALA_LEKCJA, ID_LEKCJA, ID_SALA) VALUES(20,20,8);
INSERT INTO SALA_LEKCJA(ID_SALA_LEKCJA, ID_LEKCJA, ID_SALA) VALUES(21,21,9);
INSERT INTO SALA_LEKCJA(ID_SALA_LEKCJA, ID_LEKCJA, ID_SALA) VALUES(22,22,10);
INSERT INTO SALA_LEKCJA(ID_SALA_LEKCJA, ID_LEKCJA, ID_SALA) VALUES(23,23,11);
INSERT INTO SALA_LEKCJA(ID_SALA_LEKCJA, ID_LEKCJA, ID_SALA) VALUES(24,24,12);
INSERT INTO SALA_LEKCJA(ID_SALA_LEKCJA, ID_LEKCJA, ID_SALA) VALUES(25,25,1);
INSERT INTO SALA_LEKCJA(ID_SALA_LEKCJA, ID_LEKCJA, ID_SALA) VALUES(26,26,2);
INSERT INTO SALA_LEKCJA(ID_SALA_LEKCJA, ID_LEKCJA, ID_SALA) VALUES(27,27,3);
INSERT INTO SALA_LEKCJA(ID_SALA_LEKCJA, ID_LEKCJA, ID_SALA) VALUES(28,28,4);
INSERT INTO SALA_LEKCJA(ID_SALA_LEKCJA, ID_LEKCJA, ID_SALA) VALUES(29,29,5);
INSERT INTO SALA_LEKCJA(ID_SALA_LEKCJA, ID_LEKCJA, ID_SALA) VALUES(30,30,6);
INSERT INTO SALA_LEKCJA(ID_SALA_LEKCJA, ID_LEKCJA, ID_SALA) VALUES(31,31,7);
INSERT INTO SALA_LEKCJA(ID_SALA_LEKCJA, ID_LEKCJA, ID_SALA) VALUES(32,32,8);
INSERT INTO SALA_LEKCJA(ID_SALA_LEKCJA, ID_LEKCJA, ID_SALA) VALUES(33,33,9);
INSERT INTO SALA_LEKCJA(ID_SALA_LEKCJA, ID_LEKCJA, ID_SALA) VALUES(34,34,10);
INSERT INTO SALA_LEKCJA(ID_SALA_LEKCJA, ID_LEKCJA, ID_SALA) VALUES(35,35,11);
INSERT INTO SALA_LEKCJA(ID_SALA_LEKCJA, ID_LEKCJA, ID_SALA) VALUES(36,36,12);
INSERT INTO SALA_LEKCJA(ID_SALA_LEKCJA, ID_LEKCJA, ID_SALA) VALUES(37,37,1);
INSERT INTO SALA_LEKCJA(ID_SALA_LEKCJA, ID_LEKCJA, ID_SALA) VALUES(38,48,2);
INSERT INTO SALA_LEKCJA(ID_SALA_LEKCJA, ID_LEKCJA, ID_SALA) VALUES(39,38,3);
INSERT INTO SALA_LEKCJA(ID_SALA_LEKCJA, ID_LEKCJA, ID_SALA) VALUES(40,40,4);


--uczen_klasa
INSERT INTO UCZEN_KLASA (ID_UCZEN_KLASA, ID_UCZEN, ID_KLASA) VALUES (1, 1, 1);
INSERT INTO UCZEN_KLASA (ID_UCZEN_KLASA, ID_UCZEN, ID_KLASA) VALUES (2, 2, 1);
INSERT INTO UCZEN_KLASA (ID_UCZEN_KLASA, ID_UCZEN, ID_KLASA) VALUES (3, 3, 1);
INSERT INTO UCZEN_KLASA (ID_UCZEN_KLASA, ID_UCZEN, ID_KLASA) VALUES (4, 4, 1);
INSERT INTO UCZEN_KLASA (ID_UCZEN_KLASA, ID_UCZEN, ID_KLASA) VALUES (5, 5, 1);

INSERT INTO UCZEN_KLASA (ID_UCZEN_KLASA, ID_UCZEN, ID_KLASA) VALUES (6, 6, 2);
INSERT INTO UCZEN_KLASA (ID_UCZEN_KLASA, ID_UCZEN, ID_KLASA) VALUES (7, 7, 2);
INSERT INTO UCZEN_KLASA (ID_UCZEN_KLASA, ID_UCZEN, ID_KLASA) VALUES (8, 8, 2);
INSERT INTO UCZEN_KLASA (ID_UCZEN_KLASA, ID_UCZEN, ID_KLASA) VALUES (9, 9, 2);
INSERT INTO UCZEN_KLASA (ID_UCZEN_KLASA, ID_UCZEN, ID_KLASA) VALUES (10, 10, 2);

INSERT INTO UCZEN_KLASA (ID_UCZEN_KLASA, ID_UCZEN, ID_KLASA) VALUES (11, 11, 3);
INSERT INTO UCZEN_KLASA (ID_UCZEN_KLASA, ID_UCZEN, ID_KLASA) VALUES (12, 12, 3);
INSERT INTO UCZEN_KLASA (ID_UCZEN_KLASA, ID_UCZEN, ID_KLASA) VALUES (13, 13, 3);
INSERT INTO UCZEN_KLASA (ID_UCZEN_KLASA, ID_UCZEN, ID_KLASA) VALUES (14, 14, 3);
INSERT INTO UCZEN_KLASA (ID_UCZEN_KLASA, ID_UCZEN, ID_KLASA) VALUES (15, 15, 3);

INSERT INTO UCZEN_KLASA (ID_UCZEN_KLASA, ID_UCZEN, ID_KLASA) VALUES (16, 16, 7);
INSERT INTO UCZEN_KLASA (ID_UCZEN_KLASA, ID_UCZEN, ID_KLASA) VALUES (17, 17, 7);
INSERT INTO UCZEN_KLASA (ID_UCZEN_KLASA, ID_UCZEN, ID_KLASA) VALUES (18, 18, 7);
INSERT INTO UCZEN_KLASA (ID_UCZEN_KLASA, ID_UCZEN, ID_KLASA) VALUES (19, 19, 7);
INSERT INTO UCZEN_KLASA (ID_UCZEN_KLASA, ID_UCZEN, ID_KLASA) VALUES (20, 20, 7);

INSERT INTO UCZEN_KLASA (ID_UCZEN_KLASA, ID_UCZEN, ID_KLASA) VALUES (21, 21, 8);
INSERT INTO UCZEN_KLASA (ID_UCZEN_KLASA, ID_UCZEN, ID_KLASA) VALUES (22, 22, 8);
INSERT INTO UCZEN_KLASA (ID_UCZEN_KLASA, ID_UCZEN, ID_KLASA) VALUES (23, 23, 8);
INSERT INTO UCZEN_KLASA (ID_UCZEN_KLASA, ID_UCZEN, ID_KLASA) VALUES (24, 24, 8);
INSERT INTO UCZEN_KLASA (ID_UCZEN_KLASA, ID_UCZEN, ID_KLASA) VALUES (25, 25, 8);

INSERT INTO UCZEN_KLASA (ID_UCZEN_KLASA, ID_UCZEN, ID_KLASA) VALUES (26, 26, 9);
INSERT INTO UCZEN_KLASA (ID_UCZEN_KLASA, ID_UCZEN, ID_KLASA) VALUES (27, 27, 9);
INSERT INTO UCZEN_KLASA (ID_UCZEN_KLASA, ID_UCZEN, ID_KLASA) VALUES (28, 28, 9);
INSERT INTO UCZEN_KLASA (ID_UCZEN_KLASA, ID_UCZEN, ID_KLASA) VALUES (29, 29, 9);
INSERT INTO UCZEN_KLASA (ID_UCZEN_KLASA, ID_UCZEN, ID_KLASA) VALUES (30, 30, 9);

INSERT INTO UCZEN_KLASA (ID_UCZEN_KLASA, ID_UCZEN, ID_KLASA) VALUES (31, 31, 10);
INSERT INTO UCZEN_KLASA (ID_UCZEN_KLASA, ID_UCZEN, ID_KLASA) VALUES (32, 36, 10);
INSERT INTO UCZEN_KLASA (ID_UCZEN_KLASA, ID_UCZEN, ID_KLASA) VALUES (33, 42, 10);
INSERT INTO UCZEN_KLASA (ID_UCZEN_KLASA, ID_UCZEN, ID_KLASA) VALUES (34, 45, 10);
INSERT INTO UCZEN_KLASA (ID_UCZEN_KLASA, ID_UCZEN, ID_KLASA) VALUES (35, 54, 10);

INSERT INTO UCZEN_KLASA (ID_UCZEN_KLASA, ID_UCZEN, ID_KLASA) VALUES (36, 67, 10);
INSERT INTO UCZEN_KLASA (ID_UCZEN_KLASA, ID_UCZEN, ID_KLASA) VALUES (37, 68, 10);
INSERT INTO UCZEN_KLASA (ID_UCZEN_KLASA, ID_UCZEN, ID_KLASA) VALUES (38, 69, 10);
INSERT INTO UCZEN_KLASA (ID_UCZEN_KLASA, ID_UCZEN, ID_KLASA) VALUES (39, 70, 10);
INSERT INTO UCZEN_KLASA (ID_UCZEN_KLASA, ID_UCZEN, ID_KLASA) VALUES (40, 71, 10);




--uczen_rodzic
INSERT INTO UCZEN_RODZIC (ID_UCZEN_RODZIC, ID_UCZEN, ID_RODZIC) VALUES (1, 1, 1);
INSERT INTO UCZEN_RODZIC (ID_UCZEN_RODZIC, ID_UCZEN, ID_RODZIC) VALUES (2, 2, 2);
INSERT INTO UCZEN_RODZIC (ID_UCZEN_RODZIC, ID_UCZEN, ID_RODZIC) VALUES (3, 3, 3);
INSERT INTO UCZEN_RODZIC (ID_UCZEN_RODZIC, ID_UCZEN, ID_RODZIC) VALUES (4, 4, 4);
INSERT INTO UCZEN_RODZIC (ID_UCZEN_RODZIC, ID_UCZEN, ID_RODZIC) VALUES (5, 5, 5);
INSERT INTO UCZEN_RODZIC (ID_UCZEN_RODZIC, ID_UCZEN, ID_RODZIC) VALUES (6, 6, 6);
INSERT INTO UCZEN_RODZIC (ID_UCZEN_RODZIC, ID_UCZEN, ID_RODZIC) VALUES (7, 7, 7);
INSERT INTO UCZEN_RODZIC (ID_UCZEN_RODZIC, ID_UCZEN, ID_RODZIC) VALUES (8, 8, 8);
INSERT INTO UCZEN_RODZIC (ID_UCZEN_RODZIC, ID_UCZEN, ID_RODZIC) VALUES (9, 9, 9);
INSERT INTO UCZEN_RODZIC (ID_UCZEN_RODZIC, ID_UCZEN, ID_RODZIC) VALUES (10, 10, 10);
INSERT INTO UCZEN_RODZIC (ID_UCZEN_RODZIC, ID_UCZEN, ID_RODZIC) VALUES (11, 11, 11);
INSERT INTO UCZEN_RODZIC (ID_UCZEN_RODZIC, ID_UCZEN, ID_RODZIC) VALUES (12, 12, 12);
INSERT INTO UCZEN_RODZIC (ID_UCZEN_RODZIC, ID_UCZEN, ID_RODZIC) VALUES (13, 13, 13);
INSERT INTO UCZEN_RODZIC (ID_UCZEN_RODZIC, ID_UCZEN, ID_RODZIC) VALUES (14, 14, 14);
INSERT INTO UCZEN_RODZIC (ID_UCZEN_RODZIC, ID_UCZEN, ID_RODZIC) VALUES (15, 15, 15);
INSERT INTO UCZEN_RODZIC (ID_UCZEN_RODZIC, ID_UCZEN, ID_RODZIC) VALUES (16, 16, 16);
INSERT INTO UCZEN_RODZIC (ID_UCZEN_RODZIC, ID_UCZEN, ID_RODZIC) VALUES (17, 17, 17);
INSERT INTO UCZEN_RODZIC (ID_UCZEN_RODZIC, ID_UCZEN, ID_RODZIC) VALUES (18, 18, 18);
INSERT INTO UCZEN_RODZIC (ID_UCZEN_RODZIC, ID_UCZEN, ID_RODZIC) VALUES (19, 19, 19);
INSERT INTO UCZEN_RODZIC (ID_UCZEN_RODZIC, ID_UCZEN, ID_RODZIC) VALUES (20, 20, 20);
INSERT INTO UCZEN_RODZIC (ID_UCZEN_RODZIC, ID_UCZEN, ID_RODZIC) VALUES (21, 21, 21);
INSERT INTO UCZEN_RODZIC (ID_UCZEN_RODZIC, ID_UCZEN, ID_RODZIC) VALUES (22, 22, 22);
INSERT INTO UCZEN_RODZIC (ID_UCZEN_RODZIC, ID_UCZEN, ID_RODZIC) VALUES (23, 23, 23);
INSERT INTO UCZEN_RODZIC (ID_UCZEN_RODZIC, ID_UCZEN, ID_RODZIC) VALUES (24, 24, 24);
INSERT INTO UCZEN_RODZIC (ID_UCZEN_RODZIC, ID_UCZEN, ID_RODZIC) VALUES (25, 25, 25);
INSERT INTO UCZEN_RODZIC (ID_UCZEN_RODZIC, ID_UCZEN, ID_RODZIC) VALUES (26, 26, 26);
INSERT INTO UCZEN_RODZIC (ID_UCZEN_RODZIC, ID_UCZEN, ID_RODZIC) VALUES (27, 27, 27);
INSERT INTO UCZEN_RODZIC (ID_UCZEN_RODZIC, ID_UCZEN, ID_RODZIC) VALUES (28, 28, 28);
INSERT INTO UCZEN_RODZIC (ID_UCZEN_RODZIC, ID_UCZEN, ID_RODZIC) VALUES (29, 29, 29);
INSERT INTO UCZEN_RODZIC (ID_UCZEN_RODZIC, ID_UCZEN, ID_RODZIC) VALUES (30, 30, 30);
INSERT INTO UCZEN_RODZIC (ID_UCZEN_RODZIC, ID_UCZEN, ID_RODZIC) VALUES (31, 31, 32);
INSERT INTO UCZEN_RODZIC (ID_UCZEN_RODZIC, ID_UCZEN, ID_RODZIC) VALUES (32, 31, 33);
INSERT INTO UCZEN_RODZIC (ID_UCZEN_RODZIC, ID_UCZEN, ID_RODZIC) VALUES (33, 32, 34);
INSERT INTO UCZEN_RODZIC (ID_UCZEN_RODZIC, ID_UCZEN, ID_RODZIC) VALUES (34, 33, 34);
INSERT INTO UCZEN_RODZIC (ID_UCZEN_RODZIC, ID_UCZEN, ID_RODZIC) VALUES (35, 34, 35);
INSERT INTO UCZEN_RODZIC (ID_UCZEN_RODZIC, ID_UCZEN, ID_RODZIC) VALUES (36, 34, 36);
INSERT INTO UCZEN_RODZIC (ID_UCZEN_RODZIC, ID_UCZEN, ID_RODZIC) VALUES (37, 35, 37);
INSERT INTO UCZEN_RODZIC (ID_UCZEN_RODZIC, ID_UCZEN, ID_RODZIC) VALUES (38, 36, 38);
INSERT INTO UCZEN_RODZIC (ID_UCZEN_RODZIC, ID_UCZEN, ID_RODZIC) VALUES (39, 36, 39);
INSERT INTO UCZEN_RODZIC (ID_UCZEN_RODZIC, ID_UCZEN, ID_RODZIC) VALUES (40, 37, 38);
INSERT INTO UCZEN_RODZIC (ID_UCZEN_RODZIC, ID_UCZEN, ID_RODZIC) VALUES (41, 38, 40);
INSERT INTO UCZEN_RODZIC (ID_UCZEN_RODZIC, ID_UCZEN, ID_RODZIC) VALUES (42, 39, 41);
INSERT INTO UCZEN_RODZIC (ID_UCZEN_RODZIC, ID_UCZEN, ID_RODZIC) VALUES (43, 63, 41);
INSERT INTO UCZEN_RODZIC (ID_UCZEN_RODZIC, ID_UCZEN, ID_RODZIC) VALUES (44, 40, 42);
INSERT INTO UCZEN_RODZIC (ID_UCZEN_RODZIC, ID_UCZEN, ID_RODZIC) VALUES (45, 40, 43);
INSERT INTO UCZEN_RODZIC (ID_UCZEN_RODZIC, ID_UCZEN, ID_RODZIC) VALUES (46, 41, 44);
INSERT INTO UCZEN_RODZIC (ID_UCZEN_RODZIC, ID_UCZEN, ID_RODZIC) VALUES (47, 42, 45);
INSERT INTO UCZEN_RODZIC (ID_UCZEN_RODZIC, ID_UCZEN, ID_RODZIC) VALUES (48, 42, 46);
INSERT INTO UCZEN_RODZIC (ID_UCZEN_RODZIC, ID_UCZEN, ID_RODZIC) VALUES (49, 43, 47);
INSERT INTO UCZEN_RODZIC (ID_UCZEN_RODZIC, ID_UCZEN, ID_RODZIC) VALUES (50, 44, 48);
INSERT INTO UCZEN_RODZIC (ID_UCZEN_RODZIC, ID_UCZEN, ID_RODZIC) VALUES (51, 44, 49);
INSERT INTO UCZEN_RODZIC (ID_UCZEN_RODZIC, ID_UCZEN, ID_RODZIC) VALUES (52, 45, 50);
INSERT INTO UCZEN_RODZIC (ID_UCZEN_RODZIC, ID_UCZEN, ID_RODZIC) VALUES (53, 46, 50);
INSERT INTO UCZEN_RODZIC (ID_UCZEN_RODZIC, ID_UCZEN, ID_RODZIC) VALUES (54, 47, 51);
INSERT INTO UCZEN_RODZIC (ID_UCZEN_RODZIC, ID_UCZEN, ID_RODZIC) VALUES (55, 48, 52);
INSERT INTO UCZEN_RODZIC (ID_UCZEN_RODZIC, ID_UCZEN, ID_RODZIC) VALUES (56, 49, 53);
INSERT INTO UCZEN_RODZIC (ID_UCZEN_RODZIC, ID_UCZEN, ID_RODZIC) VALUES (57, 50, 54);
INSERT INTO UCZEN_RODZIC (ID_UCZEN_RODZIC, ID_UCZEN, ID_RODZIC) VALUES (58, 51, 55);
INSERT INTO UCZEN_RODZIC (ID_UCZEN_RODZIC, ID_UCZEN, ID_RODZIC) VALUES (59, 52, 56);
INSERT INTO UCZEN_RODZIC (ID_UCZEN_RODZIC, ID_UCZEN, ID_RODZIC) VALUES (60, 53, 57);
INSERT INTO UCZEN_RODZIC (ID_UCZEN_RODZIC, ID_UCZEN, ID_RODZIC) VALUES (61, 54, 58);
INSERT INTO UCZEN_RODZIC (ID_UCZEN_RODZIC, ID_UCZEN, ID_RODZIC) VALUES (62, 55, 59);
INSERT INTO UCZEN_RODZIC (ID_UCZEN_RODZIC, ID_UCZEN, ID_RODZIC) VALUES (63, 56, 60);
INSERT INTO UCZEN_RODZIC (ID_UCZEN_RODZIC, ID_UCZEN, ID_RODZIC) VALUES (64, 57, 60);
INSERT INTO UCZEN_RODZIC (ID_UCZEN_RODZIC, ID_UCZEN, ID_RODZIC) VALUES (65, 58, 62);
INSERT INTO UCZEN_RODZIC (ID_UCZEN_RODZIC, ID_UCZEN, ID_RODZIC) VALUES (66, 59, 62);
INSERT INTO UCZEN_RODZIC (ID_UCZEN_RODZIC, ID_UCZEN, ID_RODZIC) VALUES (67, 60, 63);
INSERT INTO UCZEN_RODZIC (ID_UCZEN_RODZIC, ID_UCZEN, ID_RODZIC) VALUES (68, 61, 63);
INSERT INTO UCZEN_RODZIC (ID_UCZEN_RODZIC, ID_UCZEN, ID_RODZIC) VALUES (69, 62, 64);
INSERT INTO UCZEN_RODZIC (ID_UCZEN_RODZIC, ID_UCZEN, ID_RODZIC) VALUES (70, 63, 41);
INSERT INTO UCZEN_RODZIC (ID_UCZEN_RODZIC, ID_UCZEN, ID_RODZIC) VALUES (71, 64, 64);
INSERT INTO UCZEN_RODZIC (ID_UCZEN_RODZIC, ID_UCZEN, ID_RODZIC) VALUES (72, 65, 64);
INSERT INTO UCZEN_RODZIC (ID_UCZEN_RODZIC, ID_UCZEN, ID_RODZIC) VALUES (73, 66, 40);
INSERT INTO UCZEN_RODZIC (ID_UCZEN_RODZIC, ID_UCZEN, ID_RODZIC) VALUES (74, 67, 65);
INSERT INTO UCZEN_RODZIC (ID_UCZEN_RODZIC, ID_UCZEN, ID_RODZIC) VALUES (75, 68, 66);
INSERT INTO UCZEN_RODZIC (ID_UCZEN_RODZIC, ID_UCZEN, ID_RODZIC) VALUES (76, 69, 67);
INSERT INTO UCZEN_RODZIC (ID_UCZEN_RODZIC, ID_UCZEN, ID_RODZIC) VALUES (77, 70, 68);
INSERT INTO UCZEN_RODZIC (ID_UCZEN_RODZIC, ID_UCZEN, ID_RODZIC) VALUES (78, 71, 69);
INSERT INTO UCZEN_RODZIC (ID_UCZEN_RODZIC, ID_UCZEN, ID_RODZIC) VALUES (79, 72, 70);


--rodzaj_oceny
INSERT INTO RODZAJ_OCENY (ID_RODZAJ_OCENY, TYP_RODZAJ_OCENY, WAGA_RODZAJ_OCENY, POPRAWA) VALUES (1, 'Kartkówka', 0.2, 'tak');
INSERT INTO RODZAJ_OCENY (ID_RODZAJ_OCENY, TYP_RODZAJ_OCENY, WAGA_RODZAJ_OCENY, POPRAWA) VALUES (2, 'Sprawdzian', 0.3, 'tak');
INSERT INTO RODZAJ_OCENY (ID_RODZAJ_OCENY, TYP_RODZAJ_OCENY, WAGA_RODZAJ_OCENY, POPRAWA) VALUES (3, 'Aktywność', 0.2, 'nie');
INSERT INTO RODZAJ_OCENY (ID_RODZAJ_OCENY, TYP_RODZAJ_OCENY, WAGA_RODZAJ_OCENY, POPRAWA) VALUES (4, 'Projekt', 0.1, 'tak');
INSERT INTO RODZAJ_OCENY (ID_RODZAJ_OCENY, TYP_RODZAJ_OCENY, WAGA_RODZAJ_OCENY, POPRAWA) VALUES (5, 'Kolokwium', 0.2, 'tak');
INSERT INTO RODZAJ_OCENY (ID_RODZAJ_OCENY, TYP_RODZAJ_OCENY, WAGA_RODZAJ_OCENY, POPRAWA) VALUES (6, 'Odpowiedzi ustne', 0.1, 'nie');
INSERT INTO RODZAJ_OCENY (ID_RODZAJ_OCENY, TYP_RODZAJ_OCENY, WAGA_RODZAJ_OCENY, POPRAWA) VALUES (7, 'Prace domowe', 0.1, 'nie');
INSERT INTO RODZAJ_OCENY (ID_RODZAJ_OCENY, TYP_RODZAJ_OCENY, WAGA_RODZAJ_OCENY, POPRAWA) VALUES (8, 'Zadanie', 0.1, 'tak');
INSERT INTO RODZAJ_OCENY (ID_RODZAJ_OCENY, TYP_RODZAJ_OCENY, WAGA_RODZAJ_OCENY, POPRAWA) VALUES (9, 'Egzamin', 0.3, 0);
INSERT INTO RODZAJ_OCENY (ID_RODZAJ_OCENY, TYP_RODZAJ_OCENY, WAGA_RODZAJ_OCENY, POPRAWA) VALUES (10, 'Kartkówka', 0.2, 'tak');
INSERT INTO RODZAJ_OCENY (ID_RODZAJ_OCENY, TYP_RODZAJ_OCENY, WAGA_RODZAJ_OCENY, POPRAWA) VALUES (11, 'Sprawdzian', 0.3, 'tak');
INSERT INTO RODZAJ_OCENY (ID_RODZAJ_OCENY, TYP_RODZAJ_OCENY, WAGA_RODZAJ_OCENY, POPRAWA) VALUES (12, 'Praca klasowa', 0.4, 'tak');
INSERT INTO RODZAJ_OCENY (ID_RODZAJ_OCENY, TYP_RODZAJ_OCENY, WAGA_RODZAJ_OCENY, POPRAWA) VALUES (13, 'Zadanie grupowe', 0.3, 'nie');
INSERT INTO RODZAJ_OCENY (ID_RODZAJ_OCENY, TYP_RODZAJ_OCENY, WAGA_RODZAJ_OCENY, POPRAWA) VALUES (14, 'Egzamin', 0.5, 'nie');
INSERT INTO RODZAJ_OCENY (ID_RODZAJ_OCENY, TYP_RODZAJ_OCENY, WAGA_RODZAJ_OCENY, POPRAWA) VALUES (15, 'Aktywność', 0.1, 'nie');
INSERT INTO RODZAJ_OCENY (ID_RODZAJ_OCENY, TYP_RODZAJ_OCENY, WAGA_RODZAJ_OCENY, POPRAWA) VALUES (16, 'Osiągnięcia', 0.1, 'nie');
INSERT INTO RODZAJ_OCENY (ID_RODZAJ_OCENY, TYP_RODZAJ_OCENY, WAGA_RODZAJ_OCENY, POPRAWA) VALUES (17, 'Zadanie domowe', 0.1, 'tak');
INSERT INTO RODZAJ_OCENY (ID_RODZAJ_OCENY, TYP_RODZAJ_OCENY, WAGA_RODZAJ_OCENY, POPRAWA) VALUES (18, 'Prezentacja', 0.2, 'nie');
INSERT INTO RODZAJ_OCENY (ID_RODZAJ_OCENY, TYP_RODZAJ_OCENY, WAGA_RODZAJ_OCENY, POPRAWA) VALUES (19, 'Projekt', 0.3, 'nie');
INSERT INTO RODZAJ_OCENY (ID_RODZAJ_OCENY, TYP_RODZAJ_OCENY, WAGA_RODZAJ_OCENY, POPRAWA) VALUES (20, 'Kartkówka', 0.3, 'nie');

--grupy
INSERT INTO GRUPY (ID_GRUPA, NAZWA_GRUPA) VALUES (1, '1A');
INSERT INTO GRUPY (ID_GRUPA, NAZWA_GRUPA) VALUES (2, '1B');
INSERT INTO GRUPY (ID_GRUPA, NAZWA_GRUPA) VALUES (3, '2A');
INSERT INTO GRUPY (ID_GRUPA, NAZWA_GRUPA) VALUES (4, '2B');
INSERT INTO GRUPY (ID_GRUPA, NAZWA_GRUPA) VALUES (5, '3A');
INSERT INTO GRUPY (ID_GRUPA, NAZWA_GRUPA) VALUES (6, '3B');
INSERT INTO GRUPY (ID_GRUPA, NAZWA_GRUPA) VALUES (7, '4A');
INSERT INTO GRUPY (ID_GRUPA, NAZWA_GRUPA) VALUES (8, '4B');
INSERT INTO GRUPY (ID_GRUPA, NAZWA_GRUPA) VALUES (9, '5A');
INSERT INTO GRUPY (ID_GRUPA, NAZWA_GRUPA) VALUES (10, '5B');
INSERT INTO GRUPY (ID_GRUPA, NAZWA_GRUPA) VALUES (11, '6A');
INSERT INTO GRUPY (ID_GRUPA, NAZWA_GRUPA) VALUES (12, '6B');
INSERT INTO GRUPY (ID_GRUPA, NAZWA_GRUPA) VALUES (13, '7A');
INSERT INTO GRUPY (ID_GRUPA, NAZWA_GRUPA) VALUES (14, '7B');
INSERT INTO GRUPY (ID_GRUPA, NAZWA_GRUPA) VALUES (15, '8A');
INSERT INTO GRUPY (ID_GRUPA, NAZWA_GRUPA) VALUES (16, '8B');

--oceny
INSERT INTO OCENY (ID_OCENA, ID_PRZEDMIOT, ID_RODZAJ_OCENY, wartosc_oceny, ID_NAUCZYCIEL, ID_UCZEN, WYMAGANA, DATA_OCENY, DATA_WPISANIA, DATA_MODYFIKACJI) VALUES (1, 1, 1,3, 1, 1, 'tak', '2022-01-01', '2022-01-01', current_timestamp);
INSERT INTO OCENY (ID_OCENA, ID_PRZEDMIOT, ID_RODZAJ_OCENY, wartosc_oceny, ID_NAUCZYCIEL, ID_UCZEN, WYMAGANA, DATA_OCENY, DATA_WPISANIA, DATA_MODYFIKACJI) VALUES (2, 1, 2,4, 2, 2, 'nie', '2022-01-01', '2022-01-01', current_timestamp);
INSERT INTO OCENY (ID_OCENA, ID_PRZEDMIOT, ID_RODZAJ_OCENY,  wartosc_oceny,ID_NAUCZYCIEL, ID_UCZEN, WYMAGANA, DATA_OCENY, DATA_WPISANIA, DATA_MODYFIKACJI) VALUES (3, 2, 3,5, 3, 3, 'tak', '2022-01-01', '2022-01-01', current_timestamp);
INSERT INTO OCENY (ID_OCENA, ID_PRZEDMIOT, ID_RODZAJ_OCENY,  wartosc_oceny,ID_NAUCZYCIEL, ID_UCZEN, WYMAGANA, DATA_OCENY, DATA_WPISANIA, DATA_MODYFIKACJI) VALUES (4, 2, 4,5, 4, 4, 'nie', '2022-01-01', '2022-01-01', current_timestamp);
INSERT INTO OCENY (ID_OCENA, ID_PRZEDMIOT, ID_RODZAJ_OCENY,  wartosc_oceny,ID_NAUCZYCIEL, ID_UCZEN, WYMAGANA, DATA_OCENY, DATA_WPISANIA, DATA_MODYFIKACJI) VALUES (5, 3, 5,6, 5, 5, 'tak', '2022-01-01', '2022-01-01', current_timestamp);
INSERT INTO OCENY (ID_OCENA, ID_PRZEDMIOT, ID_RODZAJ_OCENY, wartosc_oceny, ID_NAUCZYCIEL, ID_UCZEN, WYMAGANA, DATA_OCENY, DATA_WPISANIA, DATA_MODYFIKACJI) VALUES (6, 3, 6,4,  6, 6, 'tak', '2022-01-01', '2022-01-01',current_timestamp);
INSERT INTO OCENY (ID_OCENA, ID_PRZEDMIOT, ID_RODZAJ_OCENY,  wartosc_oceny,ID_NAUCZYCIEL, ID_UCZEN, WYMAGANA, DATA_OCENY, DATA_WPISANIA, DATA_MODYFIKACJI) VALUES (7, 4, 7,3,  7, 7, 'tak', '2022-01-01', '2022-01-01',current_timestamp);
INSERT INTO OCENY (ID_OCENA, ID_PRZEDMIOT, ID_RODZAJ_OCENY,  wartosc_oceny,ID_NAUCZYCIEL, ID_UCZEN, WYMAGANA, DATA_OCENY, DATA_WPISANIA, DATA_MODYFIKACJI) VALUES (8, 4, 8,2, 8, 8, 'tak', '2022-01-01', '2022-01-01',current_timestamp);
INSERT INTO OCENY (ID_OCENA, ID_PRZEDMIOT, ID_RODZAJ_OCENY,  wartosc_oceny,ID_NAUCZYCIEL, ID_UCZEN, WYMAGANA, DATA_OCENY, DATA_WPISANIA, DATA_MODYFIKACJI) VALUES (9, 5, 9, 1,9, 9, 'nie', '2022-01-01', '2022-01-01',current_timestamp);
INSERT INTO OCENY (ID_OCENA, ID_PRZEDMIOT, ID_RODZAJ_OCENY,  wartosc_oceny,ID_NAUCZYCIEL, ID_UCZEN, WYMAGANA, DATA_OCENY, DATA_WPISANIA, DATA_MODYFIKACJI) VALUES (10, 5, 10, 4,10, 10, 'tak', '2022-01-01', '2022-01-01',current_timestamp);
INSERT INTO OC
INSERT INTO OCENY (ID_OCENA, ID_PRZEDMIOT, ID_RODZAJ_OCENY, wartosc_oceny, ID_NAUCZYCIEL, ID_UCZEN, WYMAGANA, DATA_OCENY, DATA_WPISANIA, DATA_MODYFIKACJI) VALUES (11, 1, 5, 1, 1, 1, 'tak', '2022-01-01', '2022-01-01',current_timestamp);
INSERT INTO OCENY (ID_OCENA, ID_PRZEDMIOT, ID_RODZAJ_OCENY, wartosc_oceny, ID_NAUCZYCIEL, ID_UCZEN, WYMAGANA, DATA_OCENY, DATA_WPISANIA, DATA_MODYFIKACJI) VALUES (12, 1, 2, 3,20, 2, 'nie', '2022-12-19', '2022-12-19',current_timestamp);
INSERT INTO OCENY (ID_OCENA, ID_PRZEDMIOT, ID_RODZAJ_OCENY,  wartosc_oceny,ID_NAUCZYCIEL, ID_UCZEN, WYMAGANA, DATA_OCENY, DATA_WPISANIA, DATA_MODYFIKACJI) VALUES (13, 22, 3, 4,13, 3, 'tak', '2022-02-02', '2022-02-02', current_timestamp);
INSERT INTO OCENY (ID_OCENA, ID_PRZEDMIOT, ID_RODZAJ_OCENY, wartosc_oceny, ID_NAUCZYCIEL, ID_UCZEN, WYMAGANA, DATA_OCENY, DATA_WPISANIA, DATA_MODYFIKACJI) VALUES (14, 21, 4, 3.5,  14, 4, 'nie', '2021-06-18', '2021-06-18', current_timestamp);
INSERT INTO OCENY (ID_OCENA, ID_PRZEDMIOT, ID_RODZAJ_OCENY,  wartosc_oceny, ID_NAUCZYCIEL, ID_UCZEN, WYMAGANA, DATA_OCENY, DATA_WPISANIA, DATA_MODYFIKACJI) VALUES (15, 8, 5, 4,5, 5, 'nie', '2022-05-21', '2022-05-21', current_timestamp);
INSERT INTO OCENY (ID_OCENA, ID_PRZEDMIOT, ID_RODZAJ_OCENY,  wartosc_oceny, ID_NAUCZYCIEL, ID_UCZEN, WYMAGANA, DATA_OCENY, DATA_WPISANIA, DATA_MODYFIKACJI) VALUES (16, 13, 6, 6, 16, 6, 'tak', '2022-06-23', '2022-06-23', current_timestamp);
INSERT INTO OCENY (ID_OCENA, ID_PRZEDMIOT, ID_RODZAJ_OCENY,  wartosc_oceny, ID_NAUCZYCIEL, ID_UCZEN, WYMAGANA, DATA_OCENY, DATA_WPISANIA, DATA_MODYFIKACJI) VALUES (17, 14, 7, 5, 7, 7, 'tak', '2022-03-06', '2022-03-06', current_timestamp);
INSERT INTO OCENY (ID_OCENA, ID_PRZEDMIOT, ID_RODZAJ_OCENY, wartosc_oceny, ID_NAUCZYCIEL, ID_UCZEN, WYMAGANA, DATA_OCENY, DATA_WPISANIA, DATA_MODYFIKACJI) VALUES (18, 4, 8, 4, 8, 8, 'tak', '2022-05-21', '2022-05-21', current_timestamp);
INSERT INTO OCENY (ID_OCENA, ID_PRZEDMIOT, ID_RODZAJ_OCENY, wartosc_oceny, ID_NAUCZYCIEL, ID_UCZEN, WYMAGANA, DATA_OCENY, DATA_WPISANIA, DATA_MODYFIKACJI) VALUES (19, 15, 9, 3, 9, 9, 'nie', '2022-02-11', '2022-02-11', current_timestamp);
INSERT INTO OCENY (ID_OCENA, ID_PRZEDMIOT, ID_RODZAJ_OCENY,  wartosc_oceny,ID_NAUCZYCIEL, ID_UCZEN, WYMAGANA, DATA_OCENY, DATA_WPISANIA, DATA_MODYFIKACJI) VALUES (20, 22, 10, 1, 10, 10, 'tak', '2022-01-13', '2022-01-13', current_timestamp);ENY (ID_OCENA, ID_PRZEDMIOT, ID_RODZAJ_OCENY, ID_NAUCZYCIEL, ID_UCZEN, WYMAGANA, DATA_OCENY, DATA_WPISANIA, DATA_MODYFIKACJI) VALUES (11, 1, 1, 1, 1, 'tak', '2022-11-12', '2022-01-01');

--statusy
INSERT INTO STATUS (ID_STATUS, NAZWA_STATUS) VALUES(1, 'Uczy się');
INSERT INTO STATUS (ID_STATUS, NAZWA_STATUS) VALUES (2, 'Ukończył szkołę');
INSERT INTO STATUS (ID_STATUS, NAZWA_STATUS) VALUES (3, 'Nie ukończył szkoły');
INSERT INTO STATUS (ID_STATUS, NAZWA_STATUS) VALUES (4, 'Zawieszony');
--status-uczeń
INSERT INTO STATUS_UCZEN (ID_STATUS_UCZEN, ID_UCZEN, ID_STATUS, DODATKOWE_INFO, DATA_MODYFIKACJI) VALUES (1, 1, 1, null,'2019-09-01');
INSERT INTO STATUS_UCZEN (ID_STATUS_UCZEN, ID_UCZEN, ID_STATUS, DODATKOWE_INFO, DATA_MODYFIKACJI) VALUES (2, 2, 1, null, '2019-09-05');
INSERT INTO STATUS_UCZEN (ID_STATUS_UCZEN, ID_UCZEN, ID_STATUS, DODATKOWE_INFO, DATA_MODYFIKACJI) VALUES (3, 3, 1, null, '2019-06-21');
INSERT INTO STATUS_UCZEN (ID_STATUS_UCZEN, ID_UCZEN, ID_STATUS, DODATKOWE_INFO, DATA_MODYFIKACJI) VALUES (4, 4, 1, null, '2018-06-28');
INSERT INTO STATUS_UCZEN (ID_STATUS_UCZEN, ID_UCZEN, ID_STATUS, DODATKOWE_INFO, DATA_MODYFIKACJI) VALUES (5, 5, 1, null, '2018-06-27');
INSERT INTO STATUS_UCZEN (ID_STATUS_UCZEN, ID_UCZEN, ID_STATUS, DODATKOWE_INFO, DATA_MODYFIKACJI) VALUES (6, 6, 1, null, '2019-08-27');
INSERT INTO STATUS_UCZEN (ID_STATUS_UCZEN, ID_UCZEN, ID_STATUS, DODATKOWE_INFO, DATA_MODYFIKACJI) VALUES (7, 7, 1, null, '2020-09-01');
INSERT INTO STATUS_UCZEN (ID_STATUS_UCZEN, ID_UCZEN, ID_STATUS, DODATKOWE_INFO, DATA_MODYFIKACJI) VALUES (8, 8, 1, null, '2019-08-30');
INSERT INTO STATUS_UCZEN (ID_STATUS_UCZEN, ID_UCZEN, ID_STATUS, DODATKOWE_INFO, DATA_MODYFIKACJI) VALUES (9, 9, 1, null, '2019-08-27');
INSERT INTO STATUS_UCZEN (ID_STATUS_UCZEN, ID_UCZEN, ID_STATUS, DODATKOWE_INFO, DATA_MODYFIKACJI) VALUES (10, 10, 3, 'Uczeń wypisał się ze szkoły', '2022-06-20');
INSERT INTO STATUS_UCZEN (ID_STATUS_UCZEN, ID_UCZEN, ID_STATUS, DODATKOWE_INFO, DATA_MODYFIKACJI) VALUES (11, 11, 1, null, '2020-09-01');
INSERT INTO STATUS_UCZEN (ID_STATUS_UCZEN, ID_UCZEN, ID_STATUS, DODATKOWE_INFO, DATA_MODYFIKACJI) VALUES (12, 12, 1, null, '2020-09-01');
INSERT INTO STATUS_UCZEN (ID_STATUS_UCZEN, ID_UCZEN, ID_STATUS, DODATKOWE_INFO, DATA_MODYFIKACJI) VALUES (13, 13, 1, null, '2020-06-22');
INSERT INTO STATUS_UCZEN (ID_STATUS_UCZEN, ID_UCZEN, ID_STATUS, DODATKOWE_INFO, DATA_MODYFIKACJI) VALUES (14, 14, 1, null, '2020-06-23');
INSERT INTO STATUS_UCZEN (ID_STATUS_UCZEN, ID_UCZEN, ID_STATUS, DODATKOWE_INFO, DATA_MODYFIKACJI) VALUES (15, 15, 1, null, '2020-06-24');
INSERT INTO STATUS_UCZEN (ID_STATUS_UCZEN, ID_UCZEN, ID_STATUS, DODATKOWE_INFO, DATA_MODYFIKACJI) VALUES (16, 16, 1, null, '2021-06-21');
INSERT INTO STATUS_UCZEN (ID_STATUS_UCZEN, ID_UCZEN, ID_STATUS, DODATKOWE_INFO, DATA_MODYFIKACJI) VALUES (17, 17, 1, null, '2021-06-25');
INSERT INTO STATUS_UCZEN (ID_STATUS_UCZEN, ID_UCZEN, ID_STATUS, DODATKOWE_INFO, DATA_MODYFIKACJI) VALUES (18, 18, 1, null, '2021-06-21');
INSERT INTO STATUS_UCZEN (ID_STATUS_UCZEN, ID_UCZEN, ID_STATUS, DODATKOWE_INFO, DATA_MODYFIKACJI) VALUES (19, 19, 2, null, '2021-09-01');
INSERT INTO STATUS_UCZEN (ID_STATUS_UCZEN, ID_UCZEN, ID_STATUS, DODATKOWE_INFO, DATA_MODYFIKACJI) VALUES (20, 20, 1, null, '2021-07-01');


--świadectwa
INSERT INTO SWIADECTWO (ID_SWIADECTWO, ZDAL, CZERWONY_PASEK, SREDNIA, STATUS_UCZNIA, ID_UCZEN_KLASA, ID_ROK_SZKOLNY) VALUES(1, 'tak', 'nie', 3.72, 'Aktywny', 1, 2);
INSERT INTO SWIADECTWO (ID_SWIADECTWO, ZDAL, CZERWONY_PASEK, SREDNIA, STATUS_UCZNIA, ID_UCZEN_KLASA, ID_ROK_SZKOLNY) VALUES(2, 'tak', 'nie', 3.49, 'Aktywny', 2, 2);
INSERT INTO SWIADECTWO (ID_SWIADECTWO, ZDAL, CZERWONY_PASEK, SREDNIA, STATUS_UCZNIA, ID_UCZEN_KLASA, ID_ROK_SZKOLNY) VALUES(3, 'tak', 'nie', 4.62, 'Aktywny', 3, 2);
INSERT INTO SWIADECTWO (ID_SWIADECTWO, ZDAL, CZERWONY_PASEK, SREDNIA, STATUS_UCZNIA, ID_UCZEN_KLASA, ID_ROK_SZKOLNY) VALUES(4, 'tak', 'tak', 5.00, 'Aktywny', 4, 2);
INSERT INTO SWIADECTWO (ID_SWIADECTWO, ZDAL, CZERWONY_PASEK, SREDNIA, STATUS_UCZNIA, ID_UCZEN_KLASA, ID_ROK_SZKOLNY) VALUES(5, 'tak', 'nie', 3.95, 'Aktywny', 5, 3);
INSERT INTO SWIADECTWO (ID_SWIADECTWO, ZDAL, CZERWONY_PASEK, SREDNIA, STATUS_UCZNIA, ID_UCZEN_KLASA, ID_ROK_SZKOLNY) VALUES(6, 'tak', 'nie', 4.25, 'Aktywny', 6, 3);
INSERT INTO SWIADECTWO (ID_SWIADECTWO, ZDAL, CZERWONY_PASEK, SREDNIA, STATUS_UCZNIA, ID_UCZEN_KLASA, ID_ROK_SZKOLNY) VALUES(7, 'tak', 'nie', 4.52, 'Aktywny', 7, 3);
INSERT INTO SWIADECTWO (ID_SWIADECTWO, ZDAL, CZERWONY_PASEK, SREDNIA, STATUS_UCZNIA, ID_UCZEN_KLASA, ID_ROK_SZKOLNY) VALUES(8, 'tak', 'nie', 4.55, 'Aktywny', 8, 3);
INSERT INTO SWIADECTWO (ID_SWIADECTWO, ZDAL, CZERWONY_PASEK, SREDNIA, STATUS_UCZNIA, ID_UCZEN_KLASA, ID_ROK_SZKOLNY) VALUES(9, 'tak', 'nie', 3.95, 'Aktywny', 9, 3);
INSERT INTO SWIADECTWO (ID_SWIADECTWO, ZDAL, CZERWONY_PASEK, SREDNIA, STATUS_UCZNIA, ID_UCZEN_KLASA, ID_ROK_SZKOLNY) VALUES(10, 'tak', 'nie', 3.99, 'Nieaktywny', 10, 4);
INSERT INTO SWIADECTWO (ID_SWIADECTWO, ZDAL, CZERWONY_PASEK, SREDNIA, STATUS_UCZNIA, ID_UCZEN_KLASA, ID_ROK_SZKOLNY) VALUES(11, 'tak', 'nie', 3.75, 'Aktywny', 11, 4);
INSERT INTO SWIADECTWO (ID_SWIADECTWO, ZDAL, CZERWONY_PASEK, SREDNIA, STATUS_UCZNIA, ID_UCZEN_KLASA, ID_ROK_SZKOLNY) VALUES(12, 'tak', 'nie', 4.0, 'Aktywny', 12, 4);
INSERT INTO SWIADECTWO (ID_SWIADECTWO, ZDAL, CZERWONY_PASEK, SREDNIA, STATUS_UCZNIA, ID_UCZEN_KLASA, ID_ROK_SZKOLNY) VALUES(13, 'tak', 'nie', 4.12, 'Aktywny', 13, 4);
INSERT INTO SWIADECTWO (ID_SWIADECTWO, ZDAL, CZERWONY_PASEK, SREDNIA, STATUS_UCZNIA, ID_UCZEN_KLASA, ID_ROK_SZKOLNY) VALUES(14, 'tak', 'nie', 4.09, 'Aktywny', 14, 5);
INSERT INTO SWIADECTWO (ID_SWIADECTWO, ZDAL, CZERWONY_PASEK, SREDNIA, STATUS_UCZNIA, ID_UCZEN_KLASA, ID_ROK_SZKOLNY) VALUES(15, 'tak', 'tak', 4.99, 'Aktywny', 15, 5);
INSERT INTO SWIADECTWO (ID_SWIADECTWO, ZDAL, CZERWONY_PASEK, SREDNIA, STATUS_UCZNIA, ID_UCZEN_KLASA, ID_ROK_SZKOLNY) VALUES(16, 'tak', 'nie', 4.84, 'Aktywny', 16, 6);
INSERT INTO SWIADECTWO (ID_SWIADECTWO, ZDAL, CZERWONY_PASEK, SREDNIA, STATUS_UCZNIA, ID_UCZEN_KLASA, ID_ROK_SZKOLNY) VALUES(17, 'tak', 'tak', 5.20, 'Aktywny', 17, 6);
INSERT INTO SWIADECTWO (ID_SWIADECTWO, ZDAL, CZERWONY_PASEK, SREDNIA, STATUS_UCZNIA, ID_UCZEN_KLASA, ID_ROK_SZKOLNY) VALUES(18, 'tak', 'nie', 3.67, 'Aktywny', 18, 6);
INSERT INTO SWIADECTWO (ID_SWIADECTWO, ZDAL, CZERWONY_PASEK, SREDNIA, STATUS_UCZNIA, ID_UCZEN_KLASA, ID_ROK_SZKOLNY) VALUES(19, 'tak', 'nie', 2.77, 'Nieaktywny', 19, 6);
INSERT INTO SWIADECTWO (ID_SWIADECTWO, ZDAL, CZERWONY_PASEK, SREDNIA, STATUS_UCZNIA, ID_UCZEN_KLASA, ID_ROK_SZKOLNY) VALUES(20, 'nie', 'nie', 2.44, 'Aktywny', 20, 6);


--typ zachowania
INSERT INTO TYP_ZACHOWANIE (ID_TYP_ZACHOWANIE, NAZWA_TYPU_ZACHOWANIE) VALUES(1, 'Uwaga');
INSERT INTO TYP_ZACHOWANIE (ID_TYP_ZACHOWANIE, NAZWA_TYPU_ZACHOWANIE) VALUES(2, 'Pochwała');
INSERT INTO TYP_ZACHOWANIE (ID_TYP_ZACHOWANIE, NAZWA_TYPU_ZACHOWANIE) VALUES(3, 'Nagana');

--zachowanie
INSERT INTO ZACHOWANIE (ID_ZACHOWANIE, ID_TYP_ZACHOWANIE, TRESC_WPISU, ID_UCZEN_KLASA, ID_NAUCZYCIEL) VALUES(1,1,'Uczeń rozmawia na lekcji',1, 3);
INSERT INTO ZACHOWANIE (ID_ZACHOWANIE, ID_TYP_ZACHOWANIE, TRESC_WPISU, ID_UCZEN_KLASA, ID_NAUCZYCIEL) VALUES(2,2,'Wzięcie udziału w akcji charytatywnej',3, 5);
INSERT INTO ZACHOWANIE (ID_ZACHOWANIE, ID_TYP_ZACHOWANIE, TRESC_WPISU, ID_UCZEN_KLASA, ID_NAUCZYCIEL) VALUES(3,3,'Uczeń zniszczył sprzęt szkolny', 6, 1);
INSERT INTO ZACHOWANIE (ID_ZACHOWANIE, ID_TYP_ZACHOWANIE, TRESC_WPISU, ID_UCZEN_KLASA, ID_NAUCZYCIEL) VALUES(4,1,'Uczeń rozmawia na lekcji',2, 2);
INSERT INTO ZACHOWANIE (ID_ZACHOWANIE, ID_TYP_ZACHOWANIE, TRESC_WPISU, ID_UCZEN_KLASA, ID_NAUCZYCIEL) VALUES(5,2,'Uczeń przygotował gazetkę',15, 2);
INSERT INTO ZACHOWANIE (ID_ZACHOWANIE, ID_TYP_ZACHOWANIE, TRESC_WPISU, ID_UCZEN_KLASA, ID_NAUCZYCIEL) VALUES(6,2,'Uczeń uciekł z lekcji', 22, 3);
INSERT INTO ZACHOWANIE (ID_ZACHOWANIE, ID_TYP_ZACHOWANIE, TRESC_WPISU, ID_UCZEN_KLASA, ID_NAUCZYCIEL) VALUES(7,2,'Uczeń przygotował gazetkę', 12, 4);
INSERT INTO ZACHOWANIE (ID_ZACHOWANIE, ID_TYP_ZACHOWANIE, TRESC_WPISU, ID_UCZEN_KLASA, ID_NAUCZYCIEL) VALUES(8,1,'Uczeń rozmawia na lekcji',33, 8);
INSERT INTO ZACHOWANIE (ID_ZACHOWANIE, ID_TYP_ZACHOWANIE, TRESC_WPISU, ID_UCZEN_KLASA, ID_NAUCZYCIEL) VALUES(9,2,'Uczeń przyniósł zużyte baterie',38, 6);
INSERT INTO ZACHOWANIE (ID_ZACHOWANIE, ID_TYP_ZACHOWANIE, TRESC_WPISU, ID_UCZEN_KLASA, ID_NAUCZYCIEL) VALUES(10,2,'Uczeń przygotował gazetkę',17, 10);
INSERT INTO ZACHOWANIE (ID_ZACHOWANIE, ID_TYP_ZACHOWANIE, TRESC_WPISU, ID_UCZEN_KLASA, ID_NAUCZYCIEL) VALUES(11,2,'Uczeń wziął czynny udział w apelu szkolnym',40, 12);
INSERT INTO ZACHOWANIE (ID_ZACHOWANIE, ID_TYP_ZACHOWANIE, TRESC_WPISU, ID_UCZEN_KLASA, ID_NAUCZYCIEL) VALUES(12,1, 'Uczeń gra na telefonie w czasie lekcji',22, 5);
INSERT INTO ZACHOWANIE (ID_ZACHOWANIE, ID_TYP_ZACHOWANIE, TRESC_WPISU, ID_UCZEN_KLASA, ID_NAUCZYCIEL) VALUES(13,3,'Uczeń pobił się z kolegą', 21, 16);
INSERT INTO ZACHOWANIE (ID_ZACHOWANIE, ID_TYP_ZACHOWANIE, TRESC_WPISU, ID_UCZEN_KLASA, ID_NAUCZYCIEL) VALUES(14,1,'Uczeń rozmawia na lekcji',13, 13);
INSERT INTO ZACHOWANIE (ID_ZACHOWANIE, ID_TYP_ZACHOWANIE, TRESC_WPISU, ID_UCZEN_KLASA, ID_NAUCZYCIEL) VALUES(15,2,'Uczeń przyniósł zużyte baterie',38, 4);
INSERT INTO ZACHOWANIE (ID_ZACHOWANIE, ID_TYP_ZACHOWANIE, TRESC_WPISU, ID_UCZEN_KLASA, ID_NAUCZYCIEL) VALUES(16,1,'Uczeń gra na telefonie w czasie lekcji',6, 4);
INSERT INTO ZACHOWANIE (ID_ZACHOWANIE, ID_TYP_ZACHOWANIE, TRESC_WPISU, ID_UCZEN_KLASA, ID_NAUCZYCIEL) VALUES(17,1,'Uczeń rozmawia na lekcji',9, 2);
INSERT INTO ZACHOWANIE (ID_ZACHOWANIE, ID_TYP_ZACHOWANIE, TRESC_WPISU, ID_UCZEN_KLASA, ID_NAUCZYCIEL) VALUES(18,2,'Uczeń pomógł w sprzątaniu sali',14, 1);
INSERT INTO ZACHOWANIE (ID_ZACHOWANIE, ID_TYP_ZACHOWANIE, TRESC_WPISU, ID_UCZEN_KLASA, ID_NAUCZYCIEL) VALUES(19,2,'Uczeń przygotował gazetkę',18, 13);
INSERT INTO ZACHOWANIE (ID_ZACHOWANIE, ID_TYP_ZACHOWANIE, TRESC_WPISU, ID_UCZEN_KLASA, ID_NAUCZYCIEL) VALUES(20,1,'Uczeń rozmawia na lekcji',10, 11);


--funkcje
INSERT INTO FUNKCJA (ID_FUNKCJA, NAZWA_FUNKCJA) VALUES (1, 'Przewodniczący komitetu szkolnego');
INSERT INTO FUNKCJA (ID_FUNKCJA, NAZWA_FUNKCJA) VALUES (2, 'Zastęca przewodniczącego komitetu szkolnego');
INSERT INTO FUNKCJA (ID_FUNKCJA, NAZWA_FUNKCJA) VALUES (3, 'Skarbnik szkolny');
INSERT INTO FUNKCJA (ID_FUNKCJA, NAZWA_FUNKCJA) VALUES (4, 'Członek komitetu szkolnego');
INSERT INTO FUNKCJA (ID_FUNKCJA, NAZWA_FUNKCJA) VALUES (5,  'Przewodniczący komitetu klasowego');
INSERT INTO FUNKCJA (ID_FUNKCJA, NAZWA_FUNKCJA) VALUES (6,  'Zastępca przewodniczącego komitetu klasowego');
INSERT INTO FUNKCJA (ID_FUNKCJA, NAZWA_FUNKCJA) VALUES (7,  'Skarbnik klasowy');
INSERT INTO FUNKCJA (ID_FUNKCJA, NAZWA_FUNKCJA) VALUES (8, 'Członek komitetu klasowego');
INSERT INTO FUNKCJA (ID_FUNKCJA, NAZWA_FUNKCJA) VALUES (9,  'Przewodniczący kółka muzycznego');
INSERT INTO FUNKCJA (ID_FUNKCJA, NAZWA_FUNKCJA) VALUES (10, 'Członek kółka muzycznego');
INSERT INTO FUNKCJA (ID_FUNKCJA, NAZWA_FUNKCJA) VALUES (11,  'Przewodniczący kółka teatralnego');
INSERT INTO FUNKCJA (ID_FUNKCJA, NAZWA_FUNKCJA) VALUES (12, 'Członek kółka teatralnego');
INSERT INTO FUNKCJA (ID_FUNKCJA, NAZWA_FUNKCJA) VALUES (13,  'Przewodniczący kółka tanecznego');
INSERT INTO FUNKCJA (ID_FUNKCJA, NAZWA_FUNKCJA) VALUES (14, 'Członek kółka tanecznego');
INSERT INTO FUNKCJA (ID_FUNKCJA, NAZWA_FUNKCJA) VALUES (15,  'Przewodniczący klubu sportowego');
INSERT INTO FUNKCJA (ID_FUNKCJA, NAZWA_FUNKCJA) VALUES (16, 'Członek klubu sportowego');
INSERT INTO FUNKCJA (ID_FUNKCJA, NAZWA_FUNKCJA) VALUES (17,  'Przewodniczący kółka językowego');
INSERT INTO FUNKCJA (ID_FUNKCJA, NAZWA_FUNKCJA) VALUES (18, 'Członek kółka językowego');
INSERT INTO FUNKCJA (ID_FUNKCJA, NAZWA_FUNKCJA) VALUES (19, 'Redaktor szkolnego czasopisma');
INSERT INTO FUNKCJA (ID_FUNKCJA, NAZWA_FUNKCJA) VALUES (20, 'Redaktor szkolnej strony internetowej');

--uczen_funkcja
INSERT INTO UCZEN_FUNKCJA (ID_UCZEN_FUNKCJA, ID_UCZEN, ID_FUNKCJA) VALUES (1, 3, 1);
INSERT INTO UCZEN_FUNKCJA (ID_UCZEN_FUNKCJA, ID_UCZEN, ID_FUNKCJA) VALUES (2, 4, 2);
INSERT INTO UCZEN_FUNKCJA (ID_UCZEN_FUNKCJA, ID_UCZEN, ID_FUNKCJA) VALUES (3, 5, 3);
INSERT INTO UCZEN_FUNKCJA (ID_UCZEN_FUNKCJA, ID_UCZEN, ID_FUNKCJA) VALUES (4, 6, 4);
INSERT INTO UCZEN_FUNKCJA (ID_UCZEN_FUNKCJA, ID_UCZEN, ID_FUNKCJA) VALUES (5, 7, 4);
INSERT INTO UCZEN_FUNKCJA (ID_UCZEN_FUNKCJA, ID_UCZEN, ID_FUNKCJA) VALUES (6, 8, 4);
INSERT INTO UCZEN_FUNKCJA (ID_UCZEN_FUNKCJA, ID_UCZEN, ID_FUNKCJA) VALUES (7, 11, 5);
INSERT INTO UCZEN_FUNKCJA (ID_UCZEN_FUNKCJA, ID_UCZEN, ID_FUNKCJA) VALUES (8, 12, 6);
INSERT INTO UCZEN_FUNKCJA (ID_UCZEN_FUNKCJA, ID_UCZEN, ID_FUNKCJA) VALUES (9, 13, 7);
INSERT INTO UCZEN_FUNKCJA (ID_UCZEN_FUNKCJA, ID_UCZEN, ID_FUNKCJA) VALUES (10, 14, 8);
INSERT INTO UCZEN_FUNKCJA (ID_UCZEN_FUNKCJA, ID_UCZEN, ID_FUNKCJA) VALUES (11, 15, 8);
INSERT INTO UCZEN_FUNKCJA (ID_UCZEN_FUNKCJA, ID_UCZEN, ID_FUNKCJA) VALUES (12, 16, 9);
INSERT INTO UCZEN_FUNKCJA (ID_UCZEN_FUNKCJA, ID_UCZEN, ID_FUNKCJA) VALUES (13, 17, 10);
INSERT INTO UCZEN_FUNKCJA (ID_UCZEN_FUNKCJA, ID_UCZEN, ID_FUNKCJA) VALUES (14, 18, 10);
INSERT INTO UCZEN_FUNKCJA (ID_UCZEN_FUNKCJA, ID_UCZEN, ID_FUNKCJA) VALUES (15, 33, 10);
INSERT INTO UCZEN_FUNKCJA (ID_UCZEN_FUNKCJA, ID_UCZEN, ID_FUNKCJA) VALUES (16, 34, 10);
INSERT INTO UCZEN_FUNKCJA (ID_UCZEN_FUNKCJA, ID_UCZEN, ID_FUNKCJA) VALUES (17, 5, 10);
INSERT INTO UCZEN_FUNKCJA (ID_UCZEN_FUNKCJA, ID_UCZEN, ID_FUNKCJA) VALUES (18, 19, 11);
INSERT INTO UCZEN_FUNKCJA (ID_UCZEN_FUNKCJA, ID_UCZEN, ID_FUNKCJA) VALUES (19, 20, 12);
INSERT INTO UCZEN_FUNKCJA (ID_UCZEN_FUNKCJA, ID_UCZEN, ID_FUNKCJA) VALUES (20, 21, 12);
INSERT INTO UCZEN_FUNKCJA (ID_UCZEN_FUNKCJA, ID_UCZEN, ID_FUNKCJA) VALUES (21, 3, 12);
INSERT INTO UCZEN_FUNKCJA (ID_UCZEN_FUNKCJA, ID_UCZEN, ID_FUNKCJA) VALUES (22, 22, 13);
INSERT INTO UCZEN_FUNKCJA (ID_UCZEN_FUNKCJA, ID_UCZEN, ID_FUNKCJA) VALUES (23, 23, 14);
INSERT INTO UCZEN_FUNKCJA (ID_UCZEN_FUNKCJA, ID_UCZEN, ID_FUNKCJA) VALUES (24, 24, 14);
INSERT INTO UCZEN_FUNKCJA (ID_UCZEN_FUNKCJA, ID_UCZEN, ID_FUNKCJA) VALUES (25, 2, 14);
INSERT INTO UCZEN_FUNKCJA (ID_UCZEN_FUNKCJA, ID_UCZEN, ID_FUNKCJA) VALUES (26, 25, 15);
INSERT INTO UCZEN_FUNKCJA (ID_UCZEN_FUNKCJA, ID_UCZEN, ID_FUNKCJA) VALUES (27, 26, 16);
INSERT INTO UCZEN_FUNKCJA (ID_UCZEN_FUNKCJA, ID_UCZEN, ID_FUNKCJA) VALUES (28, 27, 16);
INSERT INTO UCZEN_FUNKCJA (ID_UCZEN_FUNKCJA, ID_UCZEN, ID_FUNKCJA) VALUES (29, 28, 16);
INSERT INTO UCZEN_FUNKCJA (ID_UCZEN_FUNKCJA, ID_UCZEN, ID_FUNKCJA) VALUES (30, 4, 16);
INSERT INTO UCZEN_FUNKCJA (ID_UCZEN_FUNKCJA, ID_UCZEN, ID_FUNKCJA) VALUES (31, 29, 17);
INSERT INTO UCZEN_FUNKCJA (ID_UCZEN_FUNKCJA, ID_UCZEN, ID_FUNKCJA) VALUES (32, 30, 18);
INSERT INTO UCZEN_FUNKCJA (ID_UCZEN_FUNKCJA, ID_UCZEN, ID_FUNKCJA) VALUES (33, 31, 18);
INSERT INTO UCZEN_FUNKCJA (ID_UCZEN_FUNKCJA, ID_UCZEN, ID_FUNKCJA) VALUES (34, 32, 18);
INSERT INTO UCZEN_FUNKCJA (ID_UCZEN_FUNKCJA, ID_UCZEN, ID_FUNKCJA) VALUES (35, 2, 18);
INSERT INTO UCZEN_FUNKCJA (ID_UCZEN_FUNKCJA, ID_UCZEN, ID_FUNKCJA) VALUES (36, 1, 19);
INSERT INTO UCZEN_FUNKCJA (ID_UCZEN_FUNKCJA, ID_UCZEN, ID_FUNKCJA) VALUES (37, 2, 20);

INSERT INTO KLASA_GRUPA_UCZEN (ID_KLASA_GRUPA_UCZEN, ID_UCZEN_KLASA, ID_GRUPA) VALUES (1,1,1);
INSERT INTO KLASA_GRUPA_UCZEN (ID_KLASA_GRUPA_UCZEN, ID_UCZEN_KLASA, ID_GRUPA) VALUES (2,2,1);
INSERT INTO KLASA_GRUPA_UCZEN (ID_KLASA_GRUPA_UCZEN, ID_UCZEN_KLASA, ID_GRUPA) VALUES (3,3,1);
INSERT INTO KLASA_GRUPA_UCZEN (ID_KLASA_GRUPA_UCZEN, ID_UCZEN_KLASA, ID_GRUPA) VALUES (4,4,2);
INSERT INTO KLASA_GRUPA_UCZEN (ID_KLASA_GRUPA_UCZEN, ID_UCZEN_KLASA, ID_GRUPA) VALUES (5,5,2);
INSERT INTO KLASA_GRUPA_UCZEN (ID_KLASA_GRUPA_UCZEN, ID_UCZEN_KLASA, ID_GRUPA) VALUES (6,6,3);
INSERT INTO KLASA_GRUPA_UCZEN (ID_KLASA_GRUPA_UCZEN, ID_UCZEN_KLASA, ID_GRUPA) VALUES (7,7,3);
INSERT INTO KLASA_GRUPA_UCZEN (ID_KLASA_GRUPA_UCZEN, ID_UCZEN_KLASA, ID_GRUPA) VALUES (8,8,3);
INSERT INTO KLASA_GRUPA_UCZEN (ID_KLASA_GRUPA_UCZEN, ID_UCZEN_KLASA, ID_GRUPA) VALUES (9,9,3);
INSERT INTO KLASA_GRUPA_UCZEN (ID_KLASA_GRUPA_UCZEN, ID_UCZEN_KLASA, ID_GRUPA) VALUES (10,10,4);
INSERT INTO KLASA_GRUPA_UCZEN (ID_KLASA_GRUPA_UCZEN, ID_UCZEN_KLASA, ID_GRUPA) VALUES (11,11,4);
INSERT INTO KLASA_GRUPA_UCZEN (ID_KLASA_GRUPA_UCZEN, ID_UCZEN_KLASA, ID_GRUPA) VALUES (12,12,4);
INSERT INTO KLASA_GRUPA_UCZEN (ID_KLASA_GRUPA_UCZEN, ID_UCZEN_KLASA, ID_GRUPA) VALUES (13,13,4);
INSERT INTO KLASA_GRUPA_UCZEN (ID_KLASA_GRUPA_UCZEN, ID_UCZEN_KLASA, ID_GRUPA) VALUES (14,14,4);
INSERT INTO KLASA_GRUPA_UCZEN (ID_KLASA_GRUPA_UCZEN, ID_UCZEN_KLASA, ID_GRUPA) VALUES (15,15,4);
INSERT INTO KLASA_GRUPA_UCZEN (ID_KLASA_GRUPA_UCZEN, ID_UCZEN_KLASA, ID_GRUPA) VALUES (16,16,4);
INSERT INTO KLASA_GRUPA_UCZEN (ID_KLASA_GRUPA_UCZEN, ID_UCZEN_KLASA, ID_GRUPA) VALUES (17,17,4);
INSERT INTO KLASA_GRUPA_UCZEN (ID_KLASA_GRUPA_UCZEN, ID_UCZEN_KLASA, ID_GRUPA) VALUES (18,18,4);
INSERT INTO KLASA_GRUPA_UCZEN (ID_KLASA_GRUPA_UCZEN, ID_UCZEN_KLASA, ID_GRUPA) VALUES (19,19,4);
INSERT INTO KLASA_GRUPA_UCZEN (ID_KLASA_GRUPA_UCZEN, ID_UCZEN_KLASA, ID_GRUPA) VALUES (20,20,4);
INSERT INTO KLASA_GRUPA_UCZEN (ID_KLASA_GRUPA_UCZEN, ID_UCZEN_KLASA, ID_GRUPA) VALUES (21,21,5);
INSERT INTO KLASA_GRUPA_UCZEN (ID_KLASA_GRUPA_UCZEN, ID_UCZEN_KLASA, ID_GRUPA) VALUES (22,22,5);
INSERT INTO KLASA_GRUPA_UCZEN (ID_KLASA_GRUPA_UCZEN, ID_UCZEN_KLASA, ID_GRUPA) VALUES (23,23,5);
INSERT INTO KLASA_GRUPA_UCZEN (ID_KLASA_GRUPA_UCZEN, ID_UCZEN_KLASA, ID_GRUPA) VALUES (24,24,5);
INSERT INTO KLASA_GRUPA_UCZEN (ID_KLASA_GRUPA_UCZEN, ID_UCZEN_KLASA, ID_GRUPA) VALUES (25,25,5);
INSERT INTO KLASA_GRUPA_UCZEN (ID_KLASA_GRUPA_UCZEN, ID_UCZEN_KLASA, ID_GRUPA) VALUES (26,26,5);
INSERT INTO KLASA_GRUPA_UCZEN (ID_KLASA_GRUPA_UCZEN, ID_UCZEN_KLASA, ID_GRUPA) VALUES (27,27,5);
INSERT INTO KLASA_GRUPA_UCZEN (ID_KLASA_GRUPA_UCZEN, ID_UCZEN_KLASA, ID_GRUPA) VALUES (28,28,6);
INSERT INTO KLASA_GRUPA_UCZEN (ID_KLASA_GRUPA_UCZEN, ID_UCZEN_KLASA, ID_GRUPA) VALUES (29,29,6);
INSERT INTO KLASA_GRUPA_UCZEN (ID_KLASA_GRUPA_UCZEN, ID_UCZEN_KLASA, ID_GRUPA) VALUES (30,30,6);
INSERT INTO KLASA_GRUPA_UCZEN (ID_KLASA_GRUPA_UCZEN, ID_UCZEN_KLASA, ID_GRUPA) VALUES (31,31,6);
INSERT INTO KLASA_GRUPA_UCZEN (ID_KLASA_GRUPA_UCZEN, ID_UCZEN_KLASA, ID_GRUPA) VALUES (32,32,6);
INSERT INTO KLASA_GRUPA_UCZEN (ID_KLASA_GRUPA_UCZEN, ID_UCZEN_KLASA, ID_GRUPA) VALUES (33,33,6);
INSERT INTO KLASA_GRUPA_UCZEN (ID_KLASA_GRUPA_UCZEN, ID_UCZEN_KLASA, ID_GRUPA) VALUES (34,34,6);
INSERT INTO KLASA_GRUPA_UCZEN (ID_KLASA_GRUPA_UCZEN, ID_UCZEN_KLASA, ID_GRUPA) VALUES (35,35,7);
INSERT INTO KLASA_GRUPA_UCZEN (ID_KLASA_GRUPA_UCZEN, ID_UCZEN_KLASA, ID_GRUPA) VALUES (36,36,7);
INSERT INTO KLASA_GRUPA_UCZEN (ID_KLASA_GRUPA_UCZEN, ID_UCZEN_KLASA, ID_GRUPA) VALUES (37,37,7);
INSERT INTO KLASA_GRUPA_UCZEN (ID_KLASA_GRUPA_UCZEN, ID_UCZEN_KLASA, ID_GRUPA) VALUES (38,38,7);
INSERT INTO KLASA_GRUPA_UCZEN (ID_KLASA_GRUPA_UCZEN, ID_UCZEN_KLASA, ID_GRUPA) VALUES (39,39,7);
INSERT INTO KLASA_GRUPA_UCZEN (ID_KLASA_GRUPA_UCZEN, ID_UCZEN_KLASA, ID_GRUPA) VALUES (40,40,7);

INSERT INTO OBECNOSCI (ID_KLASA_OBECNOSC, OBECNOSC, DATA_ZAJEC, DATA_MODYFIKACJI, NIEOBECNOSC_USPRAWIEDLIWIONA, ID_UCZEN, ID_LEKCJA) VALUES (1, 'TAK', '2020-01-20', '2020-01-20', NULL, 1 , 2);
INSERT INTO OBECNOSCI (ID_KLASA_OBECNOSC, OBECNOSC, DATA_ZAJEC, DATA_MODYFIKACJI, NIEOBECNOSC_USPRAWIEDLIWIONA, ID_UCZEN, ID_LEKCJA) VALUES (2, 'TAK', '2020-01-20', '2020-01-20', NULL, 2 , 2);
INSERT INTO OBECNOSCI (ID_KLASA_OBECNOSC, OBECNOSC, DATA_ZAJEC, DATA_MODYFIKACJI, NIEOBECNOSC_USPRAWIEDLIWIONA, ID_UCZEN, ID_LEKCJA) VALUES (3, 'TAK', '2020-01-20', '2020-01-20', NULL, 3 , 2);
INSERT INTO OBECNOSCI (ID_KLASA_OBECNOSC, OBECNOSC, DATA_ZAJEC, DATA_MODYFIKACJI, NIEOBECNOSC_USPRAWIEDLIWIONA, ID_UCZEN, ID_LEKCJA) VALUES (4, 'TAK', '2020-01-20', '2020-01-20', NULL, 4 , 2);
INSERT INTO OBECNOSCI (ID_KLASA_OBECNOSC, OBECNOSC, DATA_ZAJEC, DATA_MODYFIKACJI, NIEOBECNOSC_USPRAWIEDLIWIONA, ID_UCZEN, ID_LEKCJA) VALUES (5, 'NIE', '2020-01-20', '2020-01-26', 'TAK', 5 , 2);
INSERT INTO OBECNOSCI (ID_KLASA_OBECNOSC, OBECNOSC, DATA_ZAJEC, DATA_MODYFIKACJI, NIEOBECNOSC_USPRAWIEDLIWIONA, ID_UCZEN, ID_LEKCJA) VALUES (6, 'TAK', '2020-02-12', '2020-01-20', NULL, 1 , 3);
INSERT INTO OBECNOSCI (ID_KLASA_OBECNOSC, OBECNOSC, DATA_ZAJEC, DATA_MODYFIKACJI, NIEOBECNOSC_USPRAWIEDLIWIONA, ID_UCZEN, ID_LEKCJA) VALUES (7, 'TAK', '2020-01-12', '2020-02-12', NULL, 1 , 3);
INSERT INTO OBECNOSCI (ID_KLASA_OBECNOSC, OBECNOSC, DATA_ZAJEC, DATA_MODYFIKACJI, NIEOBECNOSC_USPRAWIEDLIWIONA, ID_UCZEN, ID_LEKCJA) VALUES (8, 'TAK', '2020-02-12', '2020-02-12', NULL, 1 , 6);
INSERT INTO OBECNOSCI (ID_KLASA_OBECNOSC, OBECNOSC, DATA_ZAJEC, DATA_MODYFIKACJI, NIEOBECNOSC_USPRAWIEDLIWIONA, ID_UCZEN, ID_LEKCJA) VALUES (9, 'TAK', '2020-02-13', '2020-02-12', NULL, 45 , 7);
INSERT INTO OBECNOSCI (ID_KLASA_OBECNOSC, OBECNOSC, DATA_ZAJEC, DATA_MODYFIKACJI, NIEOBECNOSC_USPRAWIEDLIWIONA, ID_UCZEN, ID_LEKCJA) VALUES (10, 'TAK', '2020-02-13', '2020-02-15', NULL, 44 , 7);
INSERT INTO OBECNOSCI (ID_KLASA_OBECNOSC, OBECNOSC, DATA_ZAJEC, DATA_MODYFIKACJI, NIEOBECNOSC_USPRAWIEDLIWIONA, ID_UCZEN, ID_LEKCJA) VALUES (11, 'TAK', '2020-02-13', '2020-02-13', NULL, 43 , 7);
INSERT INTO OBECNOSCI (ID_KLASA_OBECNOSC, OBECNOSC, DATA_ZAJEC, DATA_MODYFIKACJI, NIEOBECNOSC_USPRAWIEDLIWIONA, ID_UCZEN, ID_LEKCJA) VALUES (12, 'TAK', '2020-02-13', '2020-02-13', NULL, 42 , 7);
INSERT INTO OBECNOSCI (ID_KLASA_OBECNOSC, OBECNOSC, DATA_ZAJEC, DATA_MODYFIKACJI, NIEOBECNOSC_USPRAWIEDLIWIONA, ID_UCZEN, ID_LEKCJA) VALUES (13, 'TAK', '2020-02-13', '2020-02-13', NULL, 41 , 7);
INSERT INTO OBECNOSCI (ID_KLASA_OBECNOSC, OBECNOSC, DATA_ZAJEC, DATA_MODYFIKACJI, NIEOBECNOSC_USPRAWIEDLIWIONA, ID_UCZEN, ID_LEKCJA) VALUES (14, 'TAK', '2020-02-13', '2020-02-13', NULL, 34 , 7);
INSERT INTO OBECNOSCI (ID_KLASA_OBECNOSC, OBECNOSC, DATA_ZAJEC, DATA_MODYFIKACJI, NIEOBECNOSC_USPRAWIEDLIWIONA, ID_UCZEN, ID_LEKCJA) VALUES (15, 'TAK', '2020-02-13', '2020-02-13', NULL, 31 , 7);
INSERT INTO OBECNOSCI (ID_KLASA_OBECNOSC, OBECNOSC, DATA_ZAJEC, DATA_MODYFIKACJI, NIEOBECNOSC_USPRAWIEDLIWIONA, ID_UCZEN, ID_LEKCJA) VALUES (16, 'TAK', '2020-02-13', '2020-02-13', NULL, 32 , 7);
INSERT INTO OBECNOSCI (ID_KLASA_OBECNOSC, OBECNOSC, DATA_ZAJEC, DATA_MODYFIKACJI, NIEOBECNOSC_USPRAWIEDLIWIONA, ID_UCZEN, ID_LEKCJA) VALUES (17, 'TAK', '2020-02-13', '2020-02-13', NULL, 33 , 7);
INSERT INTO OBECNOSCI (ID_KLASA_OBECNOSC, OBECNOSC, DATA_ZAJEC, DATA_MODYFIKACJI, NIEOBECNOSC_USPRAWIEDLIWIONA, ID_UCZEN, ID_LEKCJA) VALUES (18, 'TAK', '2020-02-14', '2020-02-14', NULL, 50 , 12);
INSERT INTO OBECNOSCI (ID_KLASA_OBECNOSC, OBECNOSC, DATA_ZAJEC, DATA_MODYFIKACJI, NIEOBECNOSC_USPRAWIEDLIWIONA, ID_UCZEN, ID_LEKCJA) VALUES (19, 'TAK', '2020-02-14', '2020-02-14', NULL, 51 , 12);
INSERT INTO OBECNOSCI (ID_KLASA_OBECNOSC, OBECNOSC, DATA_ZAJEC, DATA_MODYFIKACJI, NIEOBECNOSC_USPRAWIEDLIWIONA, ID_UCZEN, ID_LEKCJA) VALUES (20, 'TAK', '2020-02-14', '2020-02-14', NULL, 52 , 12);
INSERT INTO OBECNOSCI (ID_KLASA_OBECNOSC, OBECNOSC, DATA_ZAJEC, DATA_MODYFIKACJI, NIEOBECNOSC_USPRAWIEDLIWIONA, ID_UCZEN, ID_LEKCJA) VALUES (21, 'TAK', '2020-09-04', '2020-09-04', NULL, 11 , 5);
INSERT INTO OBECNOSCI (ID_KLASA_OBECNOSC, OBECNOSC, DATA_ZAJEC, DATA_MODYFIKACJI, NIEOBECNOSC_USPRAWIEDLIWIONA, ID_UCZEN, ID_LEKCJA) VALUES (22, 'TAK', '2020-09-04', '2020-09-04', NULL, 12 , 5);
INSERT INTO OBECNOSCI (ID_KLASA_OBECNOSC, OBECNOSC, DATA_ZAJEC, DATA_MODYFIKACJI, NIEOBECNOSC_USPRAWIEDLIWIONA, ID_UCZEN, ID_LEKCJA) VALUES (23, 'TAK', '2020-09-04', '2020-09-04', NULL, 13 , 5);
INSERT INTO OBECNOSCI (ID_KLASA_OBECNOSC, OBECNOSC, DATA_ZAJEC, DATA_MODYFIKACJI, NIEOBECNOSC_USPRAWIEDLIWIONA, ID_UCZEN, ID_LEKCJA) VALUES (24, 'TAK', '2020-09-04', '2020-09-04', NULL, 14 , 5);
INSERT INTO OBECNOSCI (ID_KLASA_OBECNOSC, OBECNOSC, DATA_ZAJEC, DATA_MODYFIKACJI, NIEOBECNOSC_USPRAWIEDLIWIONA, ID_UCZEN, ID_LEKCJA) VALUES (25, 'TAK', '2020-09-04', '2020-09-04', NULL, 15 , 5);
INSERT INTO OBECNOSCI (ID_KLASA_OBECNOSC, OBECNOSC, DATA_ZAJEC, DATA_MODYFIKACJI, NIEOBECNOSC_USPRAWIEDLIWIONA, ID_UCZEN, ID_LEKCJA) VALUES (26, 'TAK', '2020-09-04', '2020-09-04', NULL, 16 , 5);
INSERT INTO OBECNOSCI (ID_KLASA_OBECNOSC, OBECNOSC, DATA_ZAJEC, DATA_MODYFIKACJI, NIEOBECNOSC_USPRAWIEDLIWIONA, ID_UCZEN, ID_LEKCJA) VALUES (27, 'TAK', '2020-09-04', '2020-09-04', NULL, 17 , 5);
INSERT INTO OBECNOSCI (ID_KLASA_OBECNOSC, OBECNOSC, DATA_ZAJEC, DATA_MODYFIKACJI, NIEOBECNOSC_USPRAWIEDLIWIONA, ID_UCZEN, ID_LEKCJA) VALUES (28, 'TAK', '2020-09-04', '2020-09-04', NULL, 18 , 5);
INSERT INTO OBECNOSCI (ID_KLASA_OBECNOSC, OBECNOSC, DATA_ZAJEC, DATA_MODYFIKACJI, NIEOBECNOSC_USPRAWIEDLIWIONA, ID_UCZEN, ID_LEKCJA) VALUES (29, 'TAK', '2020-09-04', '2020-09-04', NULL, 19 , 5);
INSERT INTO OBECNOSCI (ID_KLASA_OBECNOSC, OBECNOSC, DATA_ZAJEC, DATA_MODYFIKACJI, NIEOBECNOSC_USPRAWIEDLIWIONA, ID_UCZEN, ID_LEKCJA) VALUES (30, 'TAK', '2020-09-04', '2020-09-04', NULL, 20 , 5);
INSERT INTO OBECNOSCI (ID_KLASA_OBECNOSC, OBECNOSC, DATA_ZAJEC, DATA_MODYFIKACJI, NIEOBECNOSC_USPRAWIEDLIWIONA, ID_UCZEN, ID_LEKCJA) VALUES (31, 'TAK', '2020-09-04', '2020-09-04', NULL, 21 , 5);
INSERT INTO OBECNOSCI (ID_KLASA_OBECNOSC, OBECNOSC, DATA_ZAJEC, DATA_MODYFIKACJI, NIEOBECNOSC_USPRAWIEDLIWIONA, ID_UCZEN, ID_LEKCJA) VALUES (32, 'TAK', '2020-05-20', '2020-05-20', NULL, 22 , 2);
INSERT INTO OBECNOSCI (ID_KLASA_OBECNOSC, OBECNOSC, DATA_ZAJEC, DATA_MODYFIKACJI, NIEOBECNOSC_USPRAWIEDLIWIONA, ID_UCZEN, ID_LEKCJA) VALUES (33, 'TAK', '2020-05-20', '2020-05-20', NULL, 23 , 2);
INSERT INTO OBECNOSCI (ID_KLASA_OBECNOSC, OBECNOSC, DATA_ZAJEC, DATA_MODYFIKACJI, NIEOBECNOSC_USPRAWIEDLIWIONA, ID_UCZEN, ID_LEKCJA) VALUES (34, 'NIE', '2020-05-20', '2020-05-20', 'NIE', 4 , 4);
INSERT INTO OBECNOSCI (ID_KLASA_OBECNOSC, OBECNOSC, DATA_ZAJEC, DATA_MODYFIKACJI, NIEOBECNOSC_USPRAWIEDLIWIONA, ID_UCZEN, ID_LEKCJA) VALUES (35, 'TAK', '2020-05-20', '2020-05-20', NULL, 3 , 30);
INSERT INTO OBECNOSCI (ID_KLASA_OBECNOSC, OBECNOSC, DATA_ZAJEC, DATA_MODYFIKACJI, NIEOBECNOSC_USPRAWIEDLIWIONA, ID_UCZEN, ID_LEKCJA) VALUES (36, 'TAK', '2020-05-20', '2020-05-20', NULL, 4 , 30);
INSERT INTO OBECNOSCI (ID_KLASA_OBECNOSC, OBECNOSC, DATA_ZAJEC, DATA_MODYFIKACJI, NIEOBECNOSC_USPRAWIEDLIWIONA, ID_UCZEN, ID_LEKCJA) VALUES (37, 'TAK', '2021-03-05', '2021-03-05', NULL, 5 , 30);
INSERT INTO OBECNOSCI (ID_KLASA_OBECNOSC, OBECNOSC, DATA_ZAJEC, DATA_MODYFIKACJI, NIEOBECNOSC_USPRAWIEDLIWIONA, ID_UCZEN, ID_LEKCJA) VALUES (38, 'NIE', '2021-03-05', '2021-03-10', 'TAK', 6 , 30);
INSERT INTO OBECNOSCI (ID_KLASA_OBECNOSC, OBECNOSC, DATA_ZAJEC, DATA_MODYFIKACJI, NIEOBECNOSC_USPRAWIEDLIWIONA, ID_UCZEN, ID_LEKCJA) VALUES (39, 'TAK', '2021-03-05', '2021-03-05', NULL, 7 , 30);
INSERT INTO OBECNOSCI (ID_KLASA_OBECNOSC, OBECNOSC, DATA_ZAJEC, DATA_MODYFIKACJI, NIEOBECNOSC_USPRAWIEDLIWIONA, ID_UCZEN, ID_LEKCJA) VALUES (40, 'TAK', '2021-03-05', '2021-03-05', NULL, 8 , 30);
INSERT INTO OBECNOSCI (ID_KLASA_OBECNOSC, OBECNOSC, DATA_ZAJEC, DATA_MODYFIKACJI, NIEOBECNOSC_USPRAWIEDLIWIONA, ID_UCZEN, ID_LEKCJA) VALUES (41, 'TAK', '2021-03-05', '2021-03-05', NULL, 9 , 30);
INSERT INTO OBECNOSCI (ID_KLASA_OBECNOSC, OBECNOSC, DATA_ZAJEC, DATA_MODYFIKACJI, NIEOBECNOSC_USPRAWIEDLIWIONA, ID_UCZEN, ID_LEKCJA) VALUES (42, 'TAK', '2021-03-05', '2021-03-05', NULL, 10 , 24);
INSERT INTO OBECNOSCI (ID_KLASA_OBECNOSC, OBECNOSC, DATA_ZAJEC, DATA_MODYFIKACJI, NIEOBECNOSC_USPRAWIEDLIWIONA, ID_UCZEN, ID_LEKCJA) VALUES (43, 'TAK', '2021-03-05', '2021-03-05', NULL, 11, 24);
INSERT INTO OBECNOSCI (ID_KLASA_OBECNOSC, OBECNOSC, DATA_ZAJEC, DATA_MODYFIKACJI, NIEOBECNOSC_USPRAWIEDLIWIONA, ID_UCZEN, ID_LEKCJA) VALUES (44, 'NIE', '2021-03-05', '2021-03-07', 'TAK', 12 , 24);
INSERT INTO OBECNOSCI (ID_KLASA_OBECNOSC, OBECNOSC, DATA_ZAJEC, DATA_MODYFIKACJI, NIEOBECNOSC_USPRAWIEDLIWIONA, ID_UCZEN, ID_LEKCJA) VALUES (45, 'TAK', '2021-03-05', '2021-03-05', NULL, 13 , 24);
INSERT INTO OBECNOSCI (ID_KLASA_OBECNOSC, OBECNOSC, DATA_ZAJEC, DATA_MODYFIKACJI, NIEOBECNOSC_USPRAWIEDLIWIONA, ID_UCZEN, ID_LEKCJA) VALUES (46, 'TAK', '2021-03-05', '2021-03-05', NULL, 14 , 24);
INSERT INTO OBECNOSCI (ID_KLASA_OBECNOSC, OBECNOSC, DATA_ZAJEC, DATA_MODYFIKACJI, NIEOBECNOSC_USPRAWIEDLIWIONA, ID_UCZEN, ID_LEKCJA) VALUES (47, 'TAK', '2021-03-05', '2021-03-05', NULL, 15 , 24);
INSERT INTO OBECNOSCI (ID_KLASA_OBECNOSC, OBECNOSC, DATA_ZAJEC, DATA_MODYFIKACJI, NIEOBECNOSC_USPRAWIEDLIWIONA, ID_UCZEN, ID_LEKCJA) VALUES (48, 'TAK', '2021-03-05', '2021-03-05', NULL, 16, 24);
INSERT INTO OBECNOSCI (ID_KLASA_OBECNOSC, OBECNOSC, DATA_ZAJEC, DATA_MODYFIKACJI, NIEOBECNOSC_USPRAWIEDLIWIONA, ID_UCZEN, ID_LEKCJA) VALUES (49, 'TAK', '2021-03-05', '2021-03-05', NULL, 17 , 24);
INSERT INTO OBECNOSCI (ID_KLASA_OBECNOSC, OBECNOSC, DATA_ZAJEC, DATA_MODYFIKACJI, NIEOBECNOSC_USPRAWIEDLIWIONA, ID_UCZEN, ID_LEKCJA) VALUES (50, 'TAK', '2021-03-05', '2021-03-05', NULL, 18 , 24);



--
--select * from adres;
--select * from funkcja;
--select * from grupy;
--select * from klasa_grupa_uczen; 
--select * from klasy;
--select * from naucz_przedm_klasa; 
--select * from  nauczyciele;
--select * from  obecnosci; --trzeba dopisac rekordy
--select * from  oceny;
--select * from przedmioty;
--select * from  rodzaj_oceny;
--select * from  rodzice;
--select * from rok_szkolny;
--select * from sala_lekcja;
--select * from sale;
--select * from status;
--select * from status_uczen;
--select * from swiadectwo;
--select * from typ_zachowanie;
--select * from uczen_funkcja; 
--select * from uczen_klasa;
--select * from uczen_rodzic;
--select * from uczniowie;
